Chr,Position,Site orientation,In a gene,Orientation of gene,Is it in an exon,Distance to nearest 5' ,Nearest 5' ,Gene orientation,GeneCounts.200k,nearestCpGDist,nearestCpG,nearestCpGOrt
chr1,2571710,-,FALSE,NA,FALSE,7229,MMEL1,-,10,-2320,CpG: 86,+
chr1,9608832,-,SLC25A33,+,FALSE,9305,SLC25A33,+,3,8388,CpG: 144,+
chr1,10657958,-,PEX14,+,FALSE,122956,PEX14,+,3,-40341,CpG: 48,+
chr1,14556669,+,FALSE,NA,FALSE,368543,KAZN,+,0,-336932,CpG: 41,+
chr1,15224625,-,KAZN,+,FALSE,-25999,KAZN,+,5,-25748,CpG: 135,+
chr1,18125218,+,ACTL8,+,FALSE,-43411,ACTL8,+,1,27160,CpG: 31,+
chr1,23755111,-,ASAP3,-,TRUE,3850,TCEA3,-,3,3448,CpG: 101,+
chr1,31654589,+,NKAIN1,-,FALSE,58145,NKAIN1,-,1,-167,CpG: 38,+
chr1,32701630,-,MTMR9LP,-,FALSE,-5681,MTMR9LP,-,11,-3894,CpG: 130,+
chr1,36777580,-,SH3D21,+,FALSE,4873,SH3D21,+,5,4571,CpG: 110,+
chr1,37216706,+,FALSE,NA,FALSE,-267791,CSF3R,-,1,281671,CpG: 232,+
chr1,37818936,+,FALSE,NA,FALSE,121108,LOC728431,-,0,-34678,CpG: 47,+
chr1,38584544,-,FALSE,NA,FALSE,29642,MIR3659,+,1,70902,CpG: 312,+
chr1,40846265,+,SMAP2,+,FALSE,-5961,SMAP2,+,4,-6243,CpG: 69,+
chr1,41697173,-,SCMH1,-,FALSE,-10642,SCMH1,-,4,-9784,CpG: 131,+
chr1,41792213,-,FALSE,NA,FALSE,84398,SCMH1,-,0,-34467,CpG: 158,+
chr1,47615453,-,FALSE,NA,FALSE,12347,CYP4A22,+,4,-75527,CpG: 66,+
chr1,51452266,-,FALSE,NA,FALSE,16625,CDKN2C,+,3,8230,CpG: 60,+
chr1,56352344,-,FALSE,NA,FALSE,661031,MIR4422,+,0,-591057,CpG: 34,+
chr1,57414920,-,C8B,-,FALSE,-16768,C8B,-,3,303583,CpG: 73,+
chr1,57581206,+,DAB1,-,FALSE,-149518,C8B,-,1,306757,CpG: 192,+
chr1,59294932,+,LOC100131060,+,FALSE,-44110,LOC100131060,+,3,-12697,CpG: 40,+
chr1,60328136,+,HOOK1,+,FALSE,-47604,HOOK1,+,2,-47088,CpG: 49,+
chr1,61038434,-,FALSE,NA,FALSE,498992,C1orf87,-,0,-470208,CpG: 70,+
chr1,61062694,+,FALSE,NA,FALSE,480251,NFIA,+,0,445948,CpG: 70,+
chr1,61353746,-,FALSE,NA,FALSE,-189199,NFIA,+,0,-154896,CpG: 70,+
chr1,69336493,+,FALSE,NA,FALSE,-373694,DEPDC1,-,0,-373487,CpG: 70,+
chr1,69656813,-,FALSE,NA,FALSE,-569044,LRRC7,+,0,-376154,CpG: 133,+
chr1,71885003,+,NEGR1,-,FALSE,-337997,ZRANB2-AS2,+,1,-338220,CpG: 20,+
chr1,72460864,+,NEGR1,-,FALSE,-158169,NEGR1-IT1,-,1,287607,CpG: 86,+
chr1,73601402,-,FALSE,NA,FALSE,853125,NEGR1,-,0,851666,CpG: 86,+
chr1,80131445,-,FALSE,NA,FALSE,658950,ELTD1,-,0,658908,CpG: 33,+
chr1,85544455,+,WDR63,+,FALSE,-16463,WDR63,+,3,-29900,CpG: 114,+
chr1,89967677,+,FALSE,NA,FALSE,22719,LRRC8B,+,1,22133,CpG: 121,+
chr1,92376537,-,FALSE,NA,FALSE,4978,TGFBR3,-,11,24452,CpG: 130,+
chr1,100870951,-,CDC14A,+,FALSE,52929,CDC14A,+,3,52052,CpG: 92,+
chr1,101315539,-,FALSE,NA,FALSE,-45196,EXTL2,-,8,-45049,CpG: 21,+
chr1,102735396,+,FALSE,NA,FALSE,-272606,OLFM3,-,0,-1032651,CpG: 35,+
chr1,103043020,+,FALSE,NA,FALSE,531032,COL11A1,-,0,1025467,CpG: 33,+
chr1,103410181,+,COL11A1,-,FALSE,163871,COL11A1,-,4,658306,CpG: 33,+
chr1,107908805,-,NTNG1,+,FALSE,226061,NTNG1,+,3,-114427,CpG: 22,+
chr1,116533913,+,SLC22A15,+,FALSE,-14795,SLC22A15,+,1,-14376,CpG: 81,+
chr1,117991433,-,MAN1A2,+,FALSE,81349,MAN1A2,+,1,80988,CpG: 145,+
chr1,120019353,+,FALSE,NA,FALSE,30472,HSD3B1,+,1,145949,CpG: 127,+
chr1,120773909,+,FALSE,NA,FALSE,65095,FAM72B,+,0,62052,CpG: 264,+
chr1,144504159,-,"LOC100288142,LOC728875","+,-",FALSE,-17810,LOC728875,-,2,12152,CpG: 33,+
chr1,149321696,-,FALSE,NA,FALSE,42221,LOC388692,+,2,-11297,CpG: 35,+
chr1,149976450,-,OTUD7B,-,FALSE,-6236,OTUD7B,-,1,-5703,CpG: 64,+
chr1,151716996,-,FALSE,NA,FALSE,-18448,OAZ3,+,12,-18449,CpG: 60,+
chr1,152703214,+,FALSE,NA,FALSE,-11217,C1orf68,+,6,29744,CpG: 25,+
chr1,152738535,+,FALSE,NA,FALSE,-8030,KPRP,+,8,-5197,CpG: 25,+
chr1,153649331,+,FALSE,NA,FALSE,1832,NPR1,+,15,1499,CpG: 152,+
chr1,155811907,-,GON4L,-,FALSE,-15065,GON4L,-,3,-17202,CpG: 27,+
chr1,157897052,+,FALSE,NA,FALSE,66010,KIRREL,+,0,51668,CpG: 28,+
chr1,160703624,+,FALSE,NA,FALSE,5452,SLAMF7,+,3,68059,CpG: 24,+
chr1,160907722,+,FALSE,NA,FALSE,16867,ITLN2,-,1,82996,CpG: 41,+
chr1,168047233,-,FALSE,NA,FALSE,-58441,GPR161,-,11,21511,CpG: 33,+
chr1,168311331,-,FALSE,NA,FALSE,-33430,MIR557,+,2,115492,CpG: 82,+
chr1,168585197,-,FALSE,NA,FALSE,39487,XCL1,+,1,389358,CpG: 82,+
chr1,175545415,-,TNR,-,FALSE,-167337,TNR,-,1,-22961,CpG: 42,+
chr1,183534050,-,NCF2,-,FALSE,-25689,NCF2,-,8,-70233,CpG: 101,+
chr1,184143146,+,FALSE,NA,FALSE,-122336,TSEN15,+,0,-122092,CpG: 38,+
chr1,191618918,+,FALSE,NA,FALSE,508673,RGS18,+,0,1158714,CpG: 56,+
chr1,195502049,-,FALSE,NA,FALSE,-1049562,MIR4735,-,0,-1075659,CpG: 24,+
chr1,195503865,+,FALSE,NA,FALSE,1047746,MIR4735,-,0,1073843,CpG: 24,+
chr1,199331681,+,FALSE,NA,FALSE,-503399,MIR181A1,-,0,672793,CpG: 36,+
chr1,201540879,-,FALSE,NA,FALSE,51848,RPS10P7,+,0,31562,CpG: 133,+
chr1,204835287,-,NFASC,+,FALSE,37506,NFASC,+,5,37357,CpG: 41,+
chr1,206273244,+,C1orf186,-,FALSE,14992,C1orf186,-,4,-49216,CpG: 46,+
chr1,210356564,-,FALSE,NA,FALSE,-49630,SERTAD4,+,8,-49388,CpG: 134,+
chr1,212681840,-,FALSE,NA,FALSE,-56835,ATF3,+,0,-6191,CpG: 42,+
chr1,217012588,-,ESRRG,-,FALSE,33879,ESRRG,-,12,237854,CpG: 43,+
chr1,224916366,+,CNIH3,+,FALSE,-112188,CNIH3,+,1,-110513,CpG: 29,+
chr1,225703646,+,ENAH,-,FALSE,-87089,LBR,-,2,-40605,CpG: 31,+
chr1,231146623,+,FALSE,NA,FALSE,9047,MIR1182,-,5,28439,CpG: 123,+
chr1,237596149,-,RYR2,+,FALSE,390448,RYR2,+,1,-351038,CpG: 22,+
chr1,241873971,-,WDR64,+,FALSE,58392,WDR64,+,1,70322,CpG: 45,+
chr1,245501262,-,KIF26B,+,FALSE,182976,KIF26B,+,1,2044,CpG: 23,+
chr10,2118162,+,FALSE,NA,FALSE,-61620,LINC00700,-,0,239086,CpG: 26,+
chr10,2840925,-,FALSE,NA,FALSE,-268786,PFKP,+,0,25456,CpG: 33,+
chr10,5033901,+,AKR1C2,-,FALSE,12305,AKR1C2,-,4,-164952,CpG: 75,+
chr10,23758375,+,FALSE,NA,FALSE,-30178,OTUD1,+,1,-28852,CpG: 170,+
chr10,24442598,-,KIAA1217,+,FALSE,-55121,KIAA1217,+,1,457620,CpG: 139,+
chr10,26056546,+,FALSE,NA,FALSE,166455,MYO3A,+,0,166375,CpG: 99,+
chr10,26273277,-,MYO3A,+,FALSE,50276,MYO3A,+,1,49255,CpG: 99,+
chr10,28601413,-,FALSE,NA,FALSE,30346,MPP7,-,1,9296,CpG: 60,+
chr10,43997177,-,FALSE,NA,FALSE,64604,ZNF487P,+,1,45740,CpG: 69,+
chr10,45482374,-,RASSF4,+,FALSE,8044,C10orf10,-,5,12083,CpG: 19,+
chr10,52080284,+,SGMS1,-,FALSE,-71914,ASAH2,-,1,97440,CpG: 53,+
chr10,52519195,-,FALSE,NA,FALSE,19508,ASAH2B,+,7,19174,CpG: 62,+
chr10,52883061,+,PRKG1,+,FALSE,-48828,PRKG1,+,2,-48309,CpG: 99,+
chr10,58407871,+,FALSE,NA,FALSE,-286837,ZWINT,-,0,-286596,CpG: 28,+
chr10,61268262,+,FALSE,NA,FALSE,-145601,FAM13C,-,0,-145726,CpG: 22,+
chr10,62100212,-,ANK3,-,FALSE,-49422,ANK3,-,3,-392573,CpG: 52,+
chr10,65336891,-,REEP3,+,FALSE,55769,REEP3,+,1,-52984,CpG: 80,+
chr10,66500448,-,FALSE,NA,FALSE,-84836,ANXA2P3,+,0,-313187,CpG: 44,+
chr10,72186727,-,EIF4EBP2,+,TRUE,-14738,NODAL,-,10,-13338,CpG: 106,+
chr10,74146340,-,"MIR1256,MICU1",-,FALSE,31433,DNAJB12,-,6,31548,CpG: 86,+
chr10,82241094,-,TSPAN14,+,FALSE,27057,TSPAN14,+,8,26334,CpG: 118,+
chr10,86137737,-,CCSER2,+,FALSE,49328,CCSER2,+,1,48946,CpG: 50,+
chr10,87549266,-,GRID1,-,FALSE,211779,GRID1-AS1,+,1,-473374,CpG: 47,+
chr10,88434913,-,LDB3,+,FALSE,6488,LDB3,+,8,-35992,CpG: 93,+
chr10,91607074,+,FALSE,NA,FALSE,-17825,LINC00865,+,1,-9282,CpG: 63,+
chr10,93883361,+,CPEB3,-,FALSE,119675,CPEB3,-,2,-77516,CpG: 33,+
chr10,98063726,+,FALSE,NA,FALSE,358,DNTT,+,14,80573,CpG: 20,+
chr10,99283469,-,UBTD1,+,FALSE,24702,UBTD1,+,4,23949,CpG: 162,+
chr10,108848054,-,SORCS1,-,FALSE,-76412,SORCS1,-,6,-75726,CpG: 121,+
chr10,113047919,+,FALSE,NA,FALSE,-211130,ADRA2A,+,0,-208616,CpG: 311,+
chr10,115263965,-,FALSE,NA,FALSE,-46624,HABP2,+,2,-175042,CpG: 101,+
chr10,116032451,+,VWA2,+,FALSE,-33439,VWA2,+,4,13303,CpG: 28,+
chr10,117704336,+,ATRNL1,+,TRUE,327483,GFRA1,-,1,180477,CpG: 18,+
chr10,122360610,+,MIR5694,+,FALSE,-16020,MIR5694,+,2,-143233,CpG: 118,+
chr10,122947814,-,FALSE,NA,FALSE,337123,WDR11-AS1,-,0,208423,CpG: 39,+
chr10,132296950,+,FALSE,NA,FALSE,-362312,GLRX3,+,0,68735,CpG: 31,+
chr10,134678700,+,TTC40,-,FALSE,77389,TTC40,-,1,4000,CpG: 21,+
chr11,2295167,+,FALSE,NA,FALSE,-2985,ASCL2,-,4,-2235,CpG: 312,+
chr11,4385242,-,FALSE,NA,FALSE,-4374,OR52B4,-,2,176089,CpG: 71,+
chr11,6415579,+,SMPD1,+,TRUE,-3936,SMPD1,+,14,-3666,CpG: 53,+
chr11,9327526,-,TMEM41B,-,FALSE,-8789,TMEM41B,-,5,-8204,CpG: 75,+
chr11,10936920,+,FALSE,NA,FALSE,-57157,ZBED5-AS1,+,1,15430,CpG: 86,+
chr11,11452937,-,GALNT18,-,FALSE,78033,CSNK2A3,-,1,-189184,CpG: 149,+
chr11,12323383,+,MICALCL,+,FALSE,-14937,MICALCL,+,2,75582,CpG: 81,+
chr11,12953359,-,TEAD1,+,FALSE,-57736,LOC100506305,-,2,-76971,CpG: 209,+
chr11,16406996,-,SOX6,-,FALSE,-17417,SOX6,-,4,-219057,CpG: 213,+
chr11,20046255,+,NAV2,+,FALSE,-2154,NAV2,+,5,131353,CpG: 98,+
chr11,20926587,-,NELL1,+,FALSE,235471,NELL1,+,2,234742,CpG: 114,+
chr11,25983432,+,FALSE,NA,FALSE,370245,ANO3,+,0,370105,CpG: 29,+
chr11,27925315,+,FALSE,NA,FALSE,153046,MIR610,+,0,-180751,CpG: 81,+
chr11,34248670,-,ABTB2,-,FALSE,121560,NAT10,+,1,52414,CpG: 23,+
chr11,34281624,-,ABTB2,-,FALSE,-97931,ABTB2,-,1,85368,CpG: 23,+
chr11,34822103,+,FALSE,NA,FALSE,115573,PDHX,+,0,115225,CpG: 92,+
chr11,37638906,-,FALSE,NA,FALSE,1019077,RAG2,-,0,1106991,CpG: 71,+
chr11,38004008,-,FALSE,NA,FALSE,1384179,RAG2,-,0,1472093,CpG: 71,+
chr11,40070547,-,FALSE,NA,FALSE,-244133,LRRC4C,-,0,-3262892,CpG: 49,+
chr11,45996975,-,PHF21A,-,FALSE,53780,GYLTL1B,+,3,52123,CpG: 130,+
chr11,46333812,-,CREB3L1,+,FALSE,-20642,DGKZ,+,8,16327,CpG: 56,+
chr11,46424914,+,AMBRA1,-,FALSE,-16807,CHRM4,-,21,-10227,CpG: 310,+
chr11,50235407,+,FALSE,NA,FALSE,22226,LOC441601,-,1,2601,CpG: 18,+
chr11,55086010,-,FALSE,NA,FALSE,20302,TRIM51HP,-,4,-554058,CpG: 94,+
chr11,56029202,-,FALSE,NA,FALSE,9527,OR5T3,+,4,387082,CpG: 33,+
chr11,57527820,-,TMX2-CTNND1,+,FALSE,-1413,CTNND1,+,30,7067,CpG: 36,+
chr11,59700723,-,FALSE,NA,FALSE,66682,TCN1,-,0,34866,CpG: 31,+
chr11,70098992,-,FALSE,NA,FALSE,-17813,PPFIA1,+,5,-17245,CpG: 141,+
chr11,75899853,-,WNT11,-,FALSE,-17721,WNT11,-,2,-5864,CpG: 22,+
chr11,76422653,-,GUCY2EP,-,FALSE,-10180,GUCY2EP,-,3,40358,CpG: 87,+
chr11,80427066,-,FALSE,NA,FALSE,-1174812,MIR4300,-,0,1274866,CpG: 300,+
chr11,82360251,+,FALSE,NA,FALSE,84655,FAM181B,-,0,40334,CpG: 25,+
chr11,83276420,-,DLG2,-,FALSE,-117048,DLG2,-,5,278884,CpG: 68,+
chr11,87499040,+,FALSE,NA,FALSE,409595,RAB38,-,0,409203,CpG: 33,+
chr11,92359942,+,FAT3,+,FALSE,-274681,FAT3,+,1,239999,CpG: 35,+
chr11,93810231,-,HEPHL1,+,FALSE,-51862,PANX1,+,1,-11870,CpG: 19,+
chr11,103849052,+,PDGFD,-,FALSE,58255,DDI1,+,2,58353,CpG: 39,+
chr11,105962175,+,AASDHPPT,+,TRUE,-13710,KBTBD3,-,3,-13345,CpG: 71,+
chr11,107863345,+,FALSE,NA,FALSE,16062,CUL5,+,2,16155,CpG: 88,+
chr11,107895136,-,CUL5,+,FALSE,15729,CUL5,+,1,14738,CpG: 88,+
chr11,108093069,+,NPAT,-,FALSE,296,NPAT,-,2,142,CpG: 75,+
chr11,112872534,+,NCAM1,+,FALSE,-40566,NCAM1,+,5,-38044,CpG: 191,+
chr11,120186212,-,POU2F3,+,FALSE,-9625,TMEM136,+,12,-9593,CpG: 69,+
chr11,122269728,-,FALSE,NA,FALSE,195958,MIR100HG,-,0,-256550,CpG: 118,+
chr11,122300827,-,FALSE,NA,FALSE,-225570,UBASH3B,+,0,-225451,CpG: 118,+
chr11,123262516,-,FALSE,NA,FALSE,10296,MIR4493,-,1,33044,CpG: 42,+
chr11,125560759,-,FALSE,NA,FALSE,9966,ACRV1,-,10,64893,CpG: 57,+
chr12,1690963,-,FBXL14,-,FALSE,-12368,FBXL14,-,3,-11675,CpG: 120,+
chr12,4256481,-,FALSE,NA,FALSE,-126420,CCND2,+,0,-17338,CpG: 54,+
chr12,6421314,-,PLEKHG6,+,FALSE,-502,PLEKHG6,+,7,1290,CpG: 52,+
chr12,10704431,-,FALSE,NA,FALSE,-48003,KLRAP1,-,1,-61524,CpG: 39,+
chr12,11469767,-,FALSE,NA,FALSE,6398,PRB4,-,6,145436,CpG: 63,+
chr12,11936928,+,ETV6,+,FALSE,-134141,ETV6,+,2,-133945,CpG: 27,+
chr12,17379806,+,FALSE,NA,FALSE,-238126,SKP1P2,+,0,-1315272,CpG: 54,+
chr12,18872498,+,PLCZ1,-,TRUE,18495,PLCZ1,-,3,410143,CpG: 98,+
chr12,20536895,-,PDE3A,+,FALSE,14717,PDE3A,+,1,13773,CpG: 118,+
chr12,20923696,+,FALSE,NA,FALSE,39941,SLCO1B3,+,5,-217692,CpG: 97,+
chr12,21047552,+,SLCO1B3,+,FALSE,-83915,SLCO1B3,+,1,-341548,CpG: 97,+
chr12,22763031,+,FALSE,NA,FALSE,15044,ETNK1,+,2,14957,CpG: 39,+
chr12,24664280,-,SOX5,-,FALSE,-51103,SOX5,-,2,-50676,CpG: 98,+
chr12,24787825,+,FALSE,NA,FALSE,-50723,LINC00477,-,0,-71582,CpG: 98,+
chr12,27617610,+,FALSE,NA,FALSE,2132,SMCO2,+,6,-130934,CpG: 125,+
chr12,29041947,-,FALSE,NA,FALSE,-259988,FAR2,+,0,-260087,CpG: 81,+
chr12,30524527,-,FALSE,NA,FALSE,-305651,IPO8,-,0,169915,CpG: 56,+
chr12,33312285,-,FALSE,NA,FALSE,262505,PKP2,-,0,262187,CpG: 86,+
chr12,39020520,-,FALSE,NA,FALSE,-278900,CPNE8,-,1,-278728,CpG: 33,+
chr12,39822223,+,KIF21A,-,FALSE,14969,KIF21A,-,4,13988,CpG: 122,+
chr12,44275487,+,TMEM117,+,FALSE,-45526,TMEM117,+,1,-45323,CpG: 81,+
chr12,45224479,-,NELL2,-,FALSE,-44965,NELL2,-,5,-45351,CpG: 82,+
chr12,46129336,+,ARID2,+,FALSE,-5717,ARID2,+,2,-5232,CpG: 250,+
chr12,46163684,-,ARID2,+,FALSE,40065,ARID2,+,2,39580,CpG: 250,+
chr12,48515172,-,PFKM,+,FALSE,-1257,PFKM,+,9,14940,CpG: 65,+
chr12,49157428,+,LINC00935,+,FALSE,8392,MIR4701,-,7,18999,CpG: 60,+
chr12,50041224,+,FMNL3,-,FALSE,-23822,PRPF40B,+,6,-23758,CpG: 53,+
chr12,50427179,-,FALSE,NA,FALSE,7872,RACGAP1,-,7,261,CpG: 42,+
chr12,55607578,-,FALSE,NA,FALSE,-7230,OR10A7,+,2,-432410,CpG: 33,+
chr12,56109387,+,FALSE,NA,FALSE,430,"BLOC1S1,BLOC1S1-RDH5",+,23,411,CpG: 38,+
chr12,58084422,-,FALSE,NA,FALSE,-3315,OS9,+,11,-3109,CpG: 33,+
chr12,59878199,-,FALSE,NA,FALSE,-111621,SLC16A7,+,0,-111452,CpG: 80,+
chr12,60859106,+,FALSE,NA,FALSE,-775989,SLC16A7,+,0,-868599,CpG: 80,+
chr12,61260152,-,FALSE,NA,FALSE,1177035,SLC16A7,+,0,1269645,CpG: 80,+
chr12,63500204,-,FALSE,NA,FALSE,-46386,AVPR1A,-,1,-43432,CpG: 121,+
chr12,65309542,-,FLJ41278,+,FALSE,31989,FLJ41278,+,2,90399,CpG: 88,+
chr12,66649208,+,FALSE,NA,FALSE,47126,HELB,+,3,-65863,CpG: 67,+
chr12,66929900,-,GRIP1,-,FALSE,-143025,GRIP1,-,2,346555,CpG: 67,+
chr12,70574627,+,FALSE,NA,FALSE,62146,CNOT2,+,0,61990,CpG: 103,+
chr12,72840527,+,TRHDE,+,FALSE,-173238,TRHDE-AS1,-,1,-172976,CpG: 175,+
chr12,76594940,+,FALSE,NA,FALSE,-116202,NAP1L1,-,0,-115809,CpG: 133,+
chr12,77857697,-,FALSE,NA,FALSE,-367371,NAV3,+,0,138257,CpG: 77,+
chr12,79129569,+,FALSE,NA,FALSE,128203,SYT1,+,0,68495,CpG: 38,+
chr12,84384050,+,FALSE,NA,FALSE,922558,SLC6A15,-,0,921150,CpG: 17,+
chr12,90348134,+,FALSE,NA,FALSE,-245403,LINC00936,+,0,-244069,CpG: 276,+
chr12,94971732,+,TMCC3,-,FALSE,-16168,MIR5700,+,2,71819,CpG: 103,+
chr12,97407067,+,FALSE,NA,FALSE,-105824,NEDD1,+,0,-105780,CpG: 58,+
chr12,98413397,-,FALSE,NA,FALSE,24171,MIR4303,-,1,-437293,CpG: 36,+
chr12,99773234,-,ANKS1B,-,FALSE,224366,ANKS1B,-,1,483860,CpG: 113,+
chr12,106344872,+,FALSE,NA,FALSE,188939,NUAK1,-,0,115801,CpG: 16,+
chr12,112796324,-,HECTD4,-,FALSE,-23572,HECTD4,-,3,-22715,CpG: 17,+
chr12,120699845,+,PXN,-,FALSE,3729,PXN,-,6,3131,CpG: 61,+
chr12,126027925,-,TMEM132B,+,FALSE,216764,TMEM132B,+,1,9560,CpG: 24,+
chr12,126405117,+,FALSE,NA,FALSE,62803,LINC00939,-,1,-58586,CpG: 63,+
chr12,130594958,-,FALSE,NA,FALSE,-51265,FZD10-AS1,-,1,-28184,CpG: 26,+
chr12,132225393,+,SFSWAP,+,FALSE,-29762,SFSWAP,+,2,-5854,CpG: 18,+
chr13,22204597,-,FALSE,NA,FALSE,26242,MICU2,-,2,26145,CpG: 70,+
chr13,25008410,-,PARP4,-,FALSE,-78538,PARP4,-,1,-78112,CpG: 62,+
chr13,33932631,+,STARD13,-,FALSE,-72730,STARD13,-,1,-7850,CpG: 79,+
chr13,34875431,-,FALSE,NA,FALSE,-339391,LINC00457,-,0,482938,CpG: 38,+
chr13,37601228,-,SUPT20H,-,FALSE,26551,EXOSC8,+,5,26005,CpG: 42,+
chr13,38026098,+,FALSE,NA,FALSE,82978,LINC00547,+,0,-392132,CpG: 60,+
chr13,42897433,+,FALSE,NA,FALSE,-51145,AKAP11,+,1,-50626,CpG: 83,+
chr13,45787689,-,GTF2F2,+,FALSE,12514,KCTD4,-,2,92723,CpG: 41,+
chr13,47058218,-,FALSE,NA,FALSE,-69077,LRCH1,+,0,45778,CpG: 35,+
chr13,51702691,+,LINC00371,-,FALSE,43667,LINC00371,-,2,93801,CpG: 54,+
chr13,53734310,-,FALSE,NA,FALSE,131435,OLFM4,+,0,-39954,CpG: 217,+
chr13,56231597,-,FALSE,NA,FALSE,483009,MIR5007,+,0,-1483374,CpG: 25,+
chr13,57553524,+,FALSE,NA,FALSE,161527,"PRR20A,PRR20B,PRR20C,PRR20D,PRR20E",+,0,161447,CpG: 25,+
chr13,58062072,-,FALSE,NA,FALSE,-143716,PCDH17,+,0,-141514,CpG: 58,+
chr13,59039498,-,FALSE,NA,FALSE,833710,PCDH17,+,0,830568,CpG: 216,+
chr13,59359137,-,FALSE,NA,FALSE,1153349,PCDH17,+,0,1150207,CpG: 216,+
chr13,61664600,-,FALSE,NA,FALSE,-109414,MIR3169,-,0,692555,CpG: 128,+
chr13,64159975,-,FALSE,NA,FALSE,-151592,OR7E156P,+,0,-225744,CpG: 36,+
chr13,69501848,-,FALSE,NA,FALSE,42391,LINC00550,-,1,-57056,CpG: 34,+
chr13,77285524,-,FALSE,NA,FALSE,-175016,KCTD12,-,0,-173798,CpG: 180,+
chr13,79379277,-,LINC00331,-,FALSE,-34908,LINC00331,-,1,145860,CpG: 63,+
chr13,81723156,+,FALSE,NA,FALSE,-808070,SPRY2,-,0,-493711,CpG: 31,+
chr13,92246378,+,GPC5,+,FALSE,-195444,GPC5,+,1,-194662,CpG: 53,+
chr13,94531432,+,GPC6,+,FALSE,-20706,GPC6-AS2,-,2,-650555,CpG: 133,+
chr13,98868052,-,FARP1,+,FALSE,7275,MIR3170,+,4,38667,CpG: 63,+
chr13,106041691,-,FALSE,NA,FALSE,-76524,DAOA,+,0,-1103717,CpG: 30,+
chr13,112804767,-,FALSE,NA,FALSE,82855,SOX1,+,0,-13049,CpG: 112,+
chr13,113697129,+,MCF2L,+,FALSE,-41102,MCF2L,+,2,4704,CpG: 37,+
chr13,114742982,-,FALSE,NA,FALSE,111018,LINC00565,-,1,-603,CpG: 27,+
chr14,20349741,-,FALSE,NA,FALSE,5315,OR4K2,+,2,193330,CpG: 28,+
chr14,23843634,+,IL25,+,FALSE,-1565,IL25,+,15,-7687,CpG: 131,+
chr14,24049471,-,FALSE,NA,FALSE,1462,JPH4,-,13,2711,CpG: 189,+
chr14,25995889,+,FALSE,NA,FALSE,-476794,STXBP6,-,0,-476277,CpG: 115,+
chr14,26969026,-,NOVA1,-,FALSE,-97934,NOVA1,-,3,-97287,CpG: 24,+
chr14,30103268,-,"MIR548AI,PRKD1",-,FALSE,-71340,MIR548AI,-,2,-292942,CpG: 122,+
chr14,30165161,-,"MIR548AI,PRKD1",-,FALSE,-9447,MIR548AI,-,2,-231049,CpG: 122,+
chr14,32846471,+,AKAP6,+,FALSE,-47993,AKAP6,+,1,-173556,CpG: 39,+
chr14,34470496,-,FALSE,NA,FALSE,50212,EGLN3,-,0,50058,CpG: 98,+
chr14,35132359,+,FALSE,NA,FALSE,-32993,SNX6,-,7,-32881,CpG: 72,+
chr14,38683818,-,FALSE,NA,FALSE,6615,SSTR1,+,2,2881,CpG: 187,+
chr14,46687244,+,LINC00871,+,FALSE,-153883,LINC00871,+,2,433624,CpG: 30,+
chr14,47595845,-,MDGA2,-,FALSE,-216593,MDGA2,-,2,474686,CpG: 30,+
chr14,48343807,+,FALSE,NA,FALSE,-79590,LINC00648,-,0,-198218,CpG: 196,+
chr14,49022142,-,FALSE,NA,FALSE,757925,LINC00648,-,0,876553,CpG: 196,+
chr14,51123237,-,SAV1,-,FALSE,-11834,SAV1,-,4,-11243,CpG: 96,+
chr14,52085462,+,FRMD6,+,FALSE,-18792,FRMD6-AS2,-,6,32513,CpG: 144,+
chr14,53220807,+,STYX,+,FALSE,-23925,STYX,+,4,-23357,CpG: 78,+
chr14,55169790,+,SAMD4A,+,FALSE,51715,SAMD4A,+,2,57173,CpG: 22,+
chr14,58693761,+,ACTR10,+,FALSE,17761,PSMA3,+,6,17590,CpG: 43,+
chr14,59074164,+,FALSE,NA,FALSE,26621,DACT1,+,4,30135,CpG: 138,+
chr14,63065927,-,FALSE,NA,FALSE,-446028,KCNH5,-,0,-446095,CpG: 92,+
chr14,64135041,-,FALSE,NA,FALSE,26400,WDR89,-,4,26089,CpG: 57,+
chr14,66261086,-,FALSE,NA,FALSE,381639,FUT8,+,0,380716,CpG: 197,+
chr14,71474999,+,PCNX,+,FALSE,-100878,PCNX,+,1,-99597,CpG: 130,+
chr14,72177334,+,SIPA1L1,+,FALSE,-181293,SIPA1L1,+,1,221330,CpG: 118,+
chr14,73398789,+,DCAF4,+,FALSE,-5750,DCAF4,+,8,-5173,CpG: 76,+
chr14,74284349,+,FALSE,NA,FALSE,-30453,ELMSAN1,-,4,-30161,CpG: 84,+
chr14,76348268,-,TTLL5,+,FALSE,-99824,TGFB3,-,1,-100355,CpG: 75,+
chr14,77738578,+,FALSE,NA,FALSE,-923,NGB,-,7,-806,CpG: 116,+
chr14,82223623,+,FALSE,NA,FALSE,-223418,SEL1L,-,0,-223189,CpG: 52,+
chr14,85142639,+,FALSE,NA,FALSE,717583,LINC00911,+,0,853855,CpG: 45,+
chr14,85395504,+,FALSE,NA,FALSE,464718,LINC00911,+,0,600990,CpG: 45,+
chr14,89408960,+,FALSE,NA,FALSE,-117983,TTC8,+,0,84175,CpG: 108,+
chr14,89470650,-,FALSE,NA,FALSE,179673,TTC8,+,0,-22485,CpG: 108,+
chr14,89883328,+,FOXN3,-,TRUE,126,FOXN3,-,3,-907,CpG: 159,+
chr14,98980246,+,FALSE,NA,FALSE,197703,C14orf177,+,0,604159,CpG: 53,+
chr14,100384235,-,EML1,+,FALSE,124491,EML1,+,2,-53146,CpG: 128,+
chr14,103182220,+,RCOR1,+,FALSE,61595,TRAF3,+,1,-122176,CpG: 173,+
chr14,103227448,+,FALSE,NA,FALSE,16367,TRAF3,+,5,146389,CpG: 27,+
chr15,25792001,-,FALSE,NA,FALSE,107826,UBE3A,-,0,-49857,CpG: 21,+
chr15,30705917,+,FALSE,NA,FALSE,-20053,CHRFAM7A,-,2,-20026,CpG: 73,+
chr15,35422840,+,FALSE,NA,FALSE,106686,ANP32AP1,+,0,-8526,CpG: 20,+
chr15,40547979,-,PAK6,+,FALSE,2601,PAK6,+,9,2467,CpG: 116,+
chr15,42709595,+,ZNF106,-,FALSE,-12619,CAPN3,+,7,73364,CpG: 40,+
chr15,44433698,+,FRMD5,-,FALSE,53731,FRMD5,-,1,53043,CpG: 92,+
chr15,47973434,+,SEMA6D,+,FALSE,37251,SEMA6D,+,7,35984,CpG: 123,+
chr15,48544519,-,SLC12A1,+,FALSE,46022,SLC12A1,+,3,73891,CpG: 64,+
chr15,52536856,-,MYO5C,-,FALSE,-32541,MIR1266,-,3,-50497,CpG: 79,+
chr15,53110155,-,FALSE,NA,FALSE,27946,ONECUT1,-,2,11679,CpG: 87,+
chr15,58246128,+,ALDH1A2,-,TRUE,60167,ALDH1A2,-,4,111181,CpG: 146,+
chr15,63628180,+,CA12,-,FALSE,45895,CA12,-,4,-14095,CpG: 32,+
chr15,70548215,+,FALSE,NA,FALSE,-157959,TLE3,-,0,-155009,CpG: 410,+
chr15,70840867,-,FALSE,NA,FALSE,-153753,UACA,-,0,-36513,CpG: 56,+
chr15,73157250,+,FALSE,NA,FALSE,-81124,ADPGK,-,0,-67705,CpG: 49,+
chr15,82997521,+,FALSE,NA,FALSE,-11094,CSPG4P8,-,9,4139,CpG: 86,+
chr15,85891717,+,FALSE,NA,FALSE,32129,AKAP13,+,2,31887,CpG: 125,+
chr15,89447168,-,MFGE8,-,FALSE,8398,HAPLN3,-,5,8318,CpG: 61,+
chr15,90401496,+,"AP3S2,C15orf38-AP3S2",-,FALSE,-7543,MIR5094,-,7,35529,CpG: 53,+
chr15,91323738,+,BLM,+,FALSE,-63160,BLM,+,1,38707,CpG: 19,+
chr15,99629046,-,FALSE,NA,FALSE,-16239,SYNM,+,9,-11546,CpG: 46,+
chr15,100762629,+,ADAMTS17,-,FALSE,119554,ADAMTS17,-,1,69596,CpG: 36,+
chr16,7612510,-,RBFOX1,+,FALSE,229760,RBFOX1,+,6,44097,CpG: 22,+
chr16,9154041,-,FALSE,NA,FALSE,-31495,C16orf72,+,1,-30105,CpG: 236,+
chr16,9433059,-,FALSE,NA,FALSE,104286,MIR548X,+,0,246370,CpG: 236,+
chr16,24070464,-,PRKCB,+,FALSE,-196409,CACNG3,+,2,-196576,CpG: 38,+
chr16,24469462,-,FALSE,NA,FALSE,-81445,RBBP6,+,0,-81156,CpG: 117,+
chr16,25142419,+,LCMT1,+,FALSE,17934,LOC100506655,-,3,-18977,CpG: 51,+
chr16,25164863,+,LCMT1,+,FALSE,-4510,LOC100506655,-,3,-41421,CpG: 51,+
chr16,29889984,+,SEZ6L2,-,FALSE,-14830,CDIPT-AS1,+,13,-1668,CpG: 43,+
chr16,30831306,-,FALSE,NA,FALSE,32783,ZNF629,-,4,-980,CpG: 27,+
chr16,46572215,-,ANKRD26P1,-,FALSE,-30794,ANKRD26P1,-,2,-82787,CpG: 42,+
chr16,49015863,-,FALSE,NA,FALSE,-299879,CBLN1,-,0,170599,CpG: 87,+
chr16,49182207,-,FALSE,NA,FALSE,-133535,CBLN1,-,0,-126916,CpG: 24,+
chr16,52527982,+,TOX3,-,FALSE,52824,TOX3,-,2,51654,CpG: 98,+
chr16,55715833,-,SLC6A2,+,FALSE,10251,SLC6A2,+,5,24938,CpG: 120,+
chr16,58003320,+,CNGB1,-,FALSE,1700,CNGB1,-,8,15080,CpG: 92,+
chr16,62563655,-,FALSE,NA,FALSE,492916,CDH8,-,0,493021,CpG: 117,+
chr16,68197301,-,NFATC3,+,FALSE,-72835,ESRP2,-,3,-71709,CpG: 247,+
chr16,68444000,-,SMPD3,-,FALSE,-38409,SMPD3,-,1,-36864,CpG: 149,+
chr16,77304781,+,FALSE,NA,FALSE,-71433,SYCE1L,+,1,-57768,CpG: 109,+
chr16,83838388,-,FALSE,NA,FALSE,-3119,HSBP1,+,5,-3024,CpG: 67,+
chr16,86320465,-,LOC146513,+,FALSE,429,LOC146513,+,2,290,CpG: 73,+
chr16,90245068,+,FALSE,NA,FALSE,-102730,PRDM7,-,0,-6845,CpG: 34,+
chr17,866814,+,NXN,-,FALSE,16184,NXN,-,7,14919,CpG: 145,+
chr17,1155224,+,FALSE,NA,FALSE,18633,BHLHA9,+,2,8117,CpG: 41,+
chr17,1187394,+,TUSC5,+,FALSE,-4438,TUSC5,+,2,-12661,CpG: 129,+
chr17,3931714,+,ZZEF1,-,FALSE,-63956,ATP2A3,-,1,-23337,CpG: 36,+
chr17,13921660,-,FALSE,NA,FALSE,-6154,CDRT15P1,+,2,-50970,CpG: 41,+
chr17,15459383,-,"TVP23C-CDRT4,TVP23C",-,FALSE,-7562,"TVP23C-CDRT4,TVP23C",-,5,-6976,CpG: 42,+
chr17,18417935,+,USP32P2,-,TRUE,6631,USP32P2,-,4,58104,CpG: 26,+
chr17,26395372,+,NLK,+,FALSE,-25685,NLK,+,1,-26239,CpG: 42,+
chr17,27848216,+,TAOK1,+,FALSE,45826,ABHD15,-,4,44870,CpG: 250,+
chr17,27982431,+,SSH2,-,FALSE,-33990,CORO6,-,3,-32154,CpG: 77,+
chr17,32282311,+,ASIC2,-,FALSE,201514,ASIC2,-,1,84589,CpG: 56,+
chr17,33019692,+,FALSE,NA,FALSE,-111925,TMEM132E,+,0,-54259,CpG: 88,+
chr17,34611181,-,FALSE,NA,FALSE,-14540,CCL3L3,-,5,-416,CpG: 102,+
chr17,34755222,-,TBC1D3H,-,TRUE,-1828,TBC1D3H,-,2,8086,CpG: 20,+
chr17,35134963,+,FALSE,NA,FALSE,159808,LHX1,+,0,30360,CpG: 65,+
chr17,37613378,-,FALSE,NA,FALSE,-4360,CDK12,+,3,-4153,CpG: 41,+
chr17,43431463,+,FALSE,NA,FALSE,-37049,MAP3K14,-,2,17591,CpG: 33,+
chr17,45857521,-,FALSE,NA,FALSE,-41626,OSBPL7,-,5,1499,CpG: 50,+
chr17,47850602,-,FALSE,NA,FALSE,9084,FAM117A,-,6,9225,CpG: 39,+
chr17,49684991,-,FALSE,NA,FALSE,347095,UTP18,+,3,346408,CpG: 128,+
chr17,53961594,+,FALSE,NA,FALSE,-133129,PCTP,+,0,-38455,CpG: 34,+
chr17,54033845,+,FALSE,NA,FALSE,196990,ANKFN1,+,0,-110706,CpG: 34,+
chr17,54325548,-,ANKFN1,+,FALSE,94713,ANKFN1,+,1,-262406,CpG: 40,+
chr17,55780487,+,FALSE,NA,FALSE,146946,MRPS23,-,1,146725,CpG: 60,+
chr17,59866004,-,BRIP1,-,FALSE,-74916,BRIP1,-,1,-74821,CpG: 21,+
chr17,61313165,-,TANC2,+,FALSE,-205042,CYB561,-,2,-198488,CpG: 19,+
chr17,63386959,+,FALSE,NA,FALSE,170781,AXIN2,-,0,145996,CpG: 66,+
chr17,66971777,-,ABCA9,-,TRUE,20244,ABCA8,-,2,-350932,CpG: 116,+
chr17,67136784,+,ABCA6,-,TRUE,1231,ABCA6,-,4,185925,CpG: 116,+
chr17,68433761,-,FALSE,NA,FALSE,268086,KCNJ2,+,0,268041,CpG: 80,+
chr17,68524424,-,FALSE,NA,FALSE,358749,KCNJ2,+,0,358704,CpG: 80,+
chr17,68714421,+,FALSE,NA,FALSE,-548746,KCNJ2,+,0,-548701,CpG: 80,+
chr17,68947360,-,FALSE,NA,FALSE,781685,KCNJ2,+,0,781640,CpG: 80,+
chr17,69845780,-,FALSE,NA,FALSE,-271380,SOX9,+,0,-266199,CpG: 26,+
chr17,69886393,-,FALSE,NA,FALSE,-230767,SOX9,+,0,-225586,CpG: 26,+
chr17,72568640,+,FALSE,NA,FALSE,12416,C17orf77,+,5,98555,CpG: 52,+
chr17,74251703,-,FALSE,NA,FALSE,-9582,UBALD2,+,3,-9424,CpG: 109,+
chr17,74489551,-,RHBDF2,-,FALSE,5560,RHBDF2,-,8,-7441,CpG: 70,+
chr17,76218952,+,BIRC5,+,FALSE,8438,TMEM235,+,12,-8325,CpG: 51,+
chr17,77977813,-,TBC1D16,-,FALSE,-31844,TBC1D16,-,3,-6167,CpG: 40,+
chr18,257177,-,THOC1,-,FALSE,-10882,THOC1,-,3,-10533,CpG: 61,+
chr18,4755040,-,FALSE,NA,FALSE,299774,DLGAP1,-,0,299393,CpG: 158,+
chr18,6609634,+,FALSE,NA,FALSE,-98220,LOC100130480,+,1,120059,CpG: 51,+
chr18,9320003,-,FALSE,NA,FALSE,-14761,TWSG1,+,4,-13893,CpG: 30,+
chr18,10862412,-,PIEZO2,-,FALSE,-286349,PIEZO2,-,1,135745,CpG: 52,+
chr18,12824806,+,PTPN2,-,FALSE,59528,PTPN2,-,4,-46693,CpG: 56,+
chr18,13624710,+,LDLRAD4,+,FALSE,-12948,LDLRAD4,+,8,16874,CpG: 84,+
chr18,14956791,-,FALSE,NA,FALSE,126627,MIR3156-2,+,0,-40589,CpG: 288,+
chr18,25804908,+,FALSE,NA,FALSE,-47463,CDH2,-,1,-46733,CpG: 223,+
chr18,26604364,+,FALSE,NA,FALSE,-846919,CDH2,-,0,-846189,CpG: 223,+
chr18,26758151,+,FALSE,NA,FALSE,-1000706,CDH2,-,0,-999976,CpG: 223,+
chr18,31516105,-,NOL4,-,FALSE,-112471,NOL4,-,6,-222942,CpG: 45,+
chr18,37328547,+,LINC00669,-,FALSE,3412,LINC00669,-,1,92913,CpG: 34,+
chr18,39174591,-,FALSE,NA,FALSE,74030,KC6,-,0,1752762,CpG: 34,+
chr18,40441640,+,RIT2,-,FALSE,254017,RIT2,-,2,1817343,CpG: 155,+
chr18,42927891,+,SLC14A2,+,FALSE,-134945,SLC14A2,+,1,-283954,CpG: 19,+
chr18,46595572,-,DYM,-,FALSE,19434,MIR4744,-,2,92596,CpG: 127,+
chr18,50864984,-,DCC,+,FALSE,-883798,SNORA37,-,1,-885728,CpG: 59,+
chr18,52948530,-,TCF4,-,FALSE,-21322,TCF4,-,12,-308488,CpG: 30,+
chr18,61222553,-,FALSE,NA,FALSE,-839,SERPINB12,+,2,132196,CpG: 89,+
chr18,65450482,-,LOC643542,+,FALSE,266515,DSEL,-,1,266468,CpG: 90,+
chr18,70263563,-,FALSE,NA,FALSE,51840,CBLN2,-,0,51773,CpG: 218,+
chr18,77704680,+,PQLC1,-,FALSE,6973,PQLC1,-,6,6089,CpG: 191,+
chr19,6040980,-,RFX2,-,FALSE,62567,LOC100128568,+,3,752,CpG: 18,+
chr19,6480954,-,DENND1C,-,FALSE,-844,DENND1C,-,6,3827,CpG: 37,+
chr19,7157684,+,INSR,-,FALSE,-88214,ZNF557,+,2,-14575,CpG: 17,+
chr19,7638976,-,FALSE,NA,FALSE,-21811,CAMSAP3,+,9,16714,CpG: 57,+
chr19,10200275,-,C19orf66,+,FALSE,3470,C19orf66,+,12,2418,CpG: 113,+
chr19,13578697,-,CACNA1A,-,FALSE,-38577,CACNA1A,-,5,-38055,CpG: 56,+
chr19,15157713,+,FALSE,NA,FALSE,2577,CASP14,+,4,-24987,CpG: 42,+
chr19,16051991,+,FALSE,NA,FALSE,-6315,CYP4F11,-,4,-29056,CpG: 43,+
chr19,18925229,-,FALSE,NA,FALSE,-17514,UPF1,+,4,-17203,CpG: 80,+
chr19,19638465,+,NDUFA13,+,FALSE,1204,YJEFN3,+,8,1087,CpG: 29,+
chr19,29567544,-,FALSE,NA,FALSE,74083,LOC100505835,+,0,-16402,CpG: 31,+
chr19,30241372,+,FALSE,NA,FALSE,-34676,C19orf12,-,7,-25778,CpG: 35,+
chr19,30251014,-,FALSE,NA,FALSE,44318,C19orf12,-,7,35420,CpG: 35,+
chr19,34217042,-,CHST8,+,FALSE,41609,CHST8,+,3,41274,CpG: 31,+
chr19,37410571,+,ZNF568,+,FALSE,-3341,ZNF568,+,14,-3108,CpG: 48,+
chr19,42346212,-,LYPD4,-,FALSE,-2296,LYPD4,-,11,-2463,CpG: 24,+
chr19,44372737,-,FALSE,NA,FALSE,-11551,ZNF404,-,5,-33080,CpG: 18,+
chr19,45087302,+,FALSE,NA,FALSE,-27152,CEACAM22P,-,2,59772,CpG: 64,+
chr19,48726782,+,CARD8,-,FALSE,17538,CARD8,-,11,-19321,CpG: 23,+
chr19,49567997,-,FALSE,NA,FALSE,873,NTF4,-,15,6377,CpG: 40,+
chr19,52059364,-,FALSE,NA,FALSE,-15166,ZNF175,+,8,-14947,CpG: 20,+
chr19,57234057,-,FALSE,NA,FALSE,50934,ZNF835,-,0,-42557,CpG: 31,+
chr19,57273240,-,FALSE,NA,FALSE,-50607,PEG3-AS1,+,8,-3374,CpG: 31,+
chr2,3268231,+,TSSC1,-,FALSE,113422,TSSC1,-,1,18093,CpG: 19,+
chr2,5257996,+,FALSE,NA,FALSE,-554184,LOC727982,-,0,555486,CpG: 26,+
chr2,5468501,-,FALSE,NA,FALSE,-364297,SOX11,+,0,-344981,CpG: 26,+
chr2,9026378,+,MBOAT2,-,FALSE,-48623,KIDINS220,-,2,-48589,CpG: 51,+
chr2,10038782,+,TAF1B,+,FALSE,53009,GRHL1,+,1,52125,CpG: 174,+
chr2,10073163,-,TAF1B,+,FALSE,-18628,GRHL1,+,2,-17744,CpG: 174,+
chr2,11466078,+,ROCK2,-,FALSE,18633,ROCK2,-,1,17881,CpG: 129,+
chr2,23099733,+,FALSE,NA,FALSE,508564,KLHL29,+,0,507996,CpG: 183,+
chr2,28271244,+,BRE,+,FALSE,-52011,MIR4263,+,6,-157480,CpG: 67,+
chr2,33786307,-,RASGRP3,+,FALSE,-38055,FAM98A,-,4,-38003,CpG: 52,+
chr2,37515708,-,PRKD3,-,FALSE,-28514,PRKD3,-,3,-35642,CpG: 144,+
chr2,38047876,-,FALSE,NA,FALSE,-104585,RMDN2,+,0,-104255,CpG: 77,+
chr2,38453136,-,FALSE,NA,FALSE,94890,CYP1B1-AS1,+,1,148618,CpG: 300,+
chr2,38548835,+,ATL2,-,FALSE,55597,ATL2,-,3,54734,CpG: 124,+
chr2,39355777,-,FALSE,NA,FALSE,8173,SOS1,-,2,4044,CpG: 47,+
chr2,46125911,+,PRKCE,+,FALSE,-246869,PRKCE,+,1,-246226,CpG: 238,+
chr2,48272042,-,FALSE,NA,FALSE,139110,FBXO11,-,0,137990,CpG: 23,+
chr2,48681160,+,PPP1R21,+,FALSE,-13253,PPP1R21,+,4,-12805,CpG: 60,+
chr2,52630216,-,FALSE,NA,FALSE,-1364712,CHAC2,+,0,-168187,CpG: 123,+
chr2,54698725,+,SPTBN1,+,FALSE,-15272,SPTBN1,+,1,-14351,CpG: 132,+
chr2,55625348,+,CCDC88A,-,FALSE,21709,CCDC88A,-,3,21273,CpG: 76,+
chr2,62758711,+,FALSE,NA,FALSE,-25107,TMEM17,-,1,-25214,CpG: 68,+
chr2,63746701,+,WDPCP,-,FALSE,69041,MDH1,+,1,68499,CpG: 69,+
chr2,71765846,-,DYSF,+,FALSE,72015,DYSF,+,14,-21584,CpG: 33,+
chr2,73661433,-,ALMS1,+,FALSE,48548,ALMS1,+,1,47772,CpG: 99,+
chr2,74064422,-,STAMBP,+,FALSE,8298,STAMBP,+,4,8102,CpG: 36,+
chr2,80693758,-,CTNNA2,+,FALSE,162271,LRRTM1,-,2,143960,CpG: 22,+
chr2,81013935,+,FALSE,NA,FALSE,-482448,LRRTM1,-,0,407269,CpG: 93,+
chr2,82296017,+,FALSE,NA,FALSE,787909,LOC1720,+,0,-601336,CpG: 32,+
chr2,87438077,+,FALSE,NA,FALSE,-134541,LOC285074,-,0,131120,CpG: 31,+
chr2,97388738,-,LMAN2L,-,FALSE,-17075,LMAN2L,-,8,-16710,CpG: 35,+
chr2,98257919,+,FALSE,NA,FALSE,4601,COX5B,+,3,4443,CpG: 48,+
chr2,103333757,+,MFSD9,-,TRUE,19580,MFSD9,-,3,19381,CpG: 34,+
chr2,103527022,+,FALSE,NA,FALSE,-148533,TMEM182,+,0,-173608,CpG: 34,+
chr2,107407853,+,FALSE,NA,FALSE,94757,ST6GAL2,-,3,51670,CpG: 39,+
chr2,113300734,+,POLR1B,+,FALSE,-1243,POLR1B,+,4,-450,CpG: 78,+
chr2,114293497,-,FALSE,NA,FALSE,36837,FOXD4L1,+,4,-5538,CpG: 127,+
chr2,115067053,+,FALSE,NA,FALSE,132845,DPP10,+,0,-329364,CpG: 92,+
chr2,120478965,+,FALSE,NA,FALSE,38241,PTPN4,+,4,38101,CpG: 86,+
chr2,122331370,+,CLASP1,-,FALSE,-42915,RNU4ATAC,+,5,-43038,CpG: 51,+
chr2,123031906,+,FALSE,NA,FALSE,-518786,TSN,+,0,-518380,CpG: 59,+
chr2,124291117,-,FALSE,NA,FALSE,-491746,CNTNAP5,+,0,-491135,CpG: 71,+
chr2,129250668,+,FALSE,NA,FALSE,-174497,HS6ST1,-,0,-32,CpG: 62,+
chr2,130443463,+,FALSE,NA,FALSE,248427,LOC389033,-,0,-98107,CpG: 37,+
chr2,130664940,+,FALSE,NA,FALSE,26950,LOC389033,-,1,26762,CpG: 37,+
chr2,134927822,-,FALSE,NA,FALSE,43127,MIR3679,+,1,-21245,CpG: 57,+
chr2,136520491,-,UBXN4,+,FALSE,21303,UBXN4,+,3,20347,CpG: 119,+
chr2,136901329,-,FALSE,NA,FALSE,25604,CXCR4,-,2,24278,CpG: 34,+
chr2,137043288,+,FALSE,NA,FALSE,-167563,CXCR4,-,0,137773,CpG: 23,+
chr2,138933004,-,FALSE,NA,FALSE,211197,HNMT,+,0,-326029,CpG: 84,+
chr2,148069394,-,FALSE,NA,FALSE,-533175,ACVR2A,+,0,-531886,CpG: 123,+
chr2,155286847,-,GALNT13,+,FALSE,-27103,LOC100144595,-,2,-267158,CpG: 146,+
chr2,155721673,-,FALSE,NA,FALSE,166581,KCNJ3,+,2,165604,CpG: 146,+
chr2,160424548,+,BAZ2B,-,FALSE,48511,BAZ2B,-,1,47540,CpG: 60,+
chr2,162871590,+,DPP4,-,FALSE,59462,DPP4,-,4,58643,CpG: 74,+
chr2,163394864,-,KCNH7,-,FALSE,194282,GCA,+,2,193839,CpG: 46,+
chr2,165671642,-,COBLL1,-,FALSE,-26286,COBLL1,-,1,-25828,CpG: 137,+
chr2,168068133,-,XIRP2,+,FALSE,24341,XIRP2,+,5,-80900,CpG: 164,+
chr2,172022655,-,TLK1,-,FALSE,5245,TLK1,-,2,5627,CpG: 40,+
chr2,173088030,+,FALSE,NA,FALSE,-120552,DLX2,-,0,11452,CpG: 51,+
chr2,175001798,+,OLA1,-,FALSE,111567,OLA1,-,2,-110984,CpG: 46,+
chr2,177161034,-,MTX2,+,FALSE,26912,MTX2,+,2,26503,CpG: 39,+
chr2,181186765,+,FALSE,NA,FALSE,-314985,CWC22,-,0,-314891,CpG: 27,+
chr2,185510628,-,ZNF804A,+,FALSE,47536,ZNF804A,+,1,47039,CpG: 38,+
chr2,190804787,+,FALSE,NA,FALSE,122668,MSTN,-,0,-117782,CpG: 29,+
chr2,192074916,-,FALSE,NA,FALSE,-35190,MYO1B,+,3,-34912,CpG: 136,+
chr2,192243875,-,MYO1B,+,FALSE,133622,MYO1B,+,3,132935,CpG: 136,+
chr2,195978777,+,FALSE,NA,FALSE,542754,SLC39A10,+,0,542778,CpG: 150,+
chr2,198777507,+,PLCL1,+,FALSE,-108082,PLCL1,+,1,-107353,CpG: 111,+
chr2,200243192,+,SATB2,-,FALSE,79627,SATB2,-,3,77310,CpG: 615,+
chr2,201512205,-,AOX1,+,FALSE,-48240,AOX2P,+,2,61178,CpG: 47,+
chr2,202786591,+,FALSE,NA,FALSE,112718,FZD7,+,3,110795,CpG: 338,+
chr2,208639840,+,FALSE,NA,FALSE,-5697,FZD5,-,5,-4906,CpG: 309,+
chr2,208732244,-,PLEKHM3,-,FALSE,98101,FZD5,-,1,-63281,CpG: 29,+
chr2,209799035,+,FALSE,NA,FALSE,489735,MAP2,+,0,211058,CpG: 24,+
chr2,214361488,-,SPAG16,+,FALSE,212386,SPAG16,+,3,212062,CpG: 50,+
chr2,217997347,-,FALSE,NA,FALSE,272565,TNP1,-,0,322133,CpG: 18,+
chr2,218617397,-,DIRC3,-,FALSE,-3919,DIRC3,-,2,-3882,CpG: 23,+
chr2,224607289,+,FALSE,NA,FALSE,95030,AP1S3,-,1,94673,CpG: 79,+
chr2,225269850,-,FALSE,NA,FALSE,3139,FAM124B,-,2,-37050,CpG: 67,+
chr2,241689966,+,KIF1A,-,FALSE,47263,KIF1A,-,2,27073,CpG: 88,+
chr2,242924776,+,FALSE,NA,FALSE,106067,LOC728323,+,0,2668,CpG: 42,+
chr20,1664625,+,FALSE,NA,FALSE,-26200,SIRPG,-,3,51705,CpG: 30,+
chr20,2781556,-,FALSE,NA,FALSE,264,CPXM1,-,10,59,CpG: 61,+
chr20,7613014,+,FALSE,NA,FALSE,308079,HAO1,-,0,386775,CpG: 96,+
chr20,12646016,-,FALSE,NA,FALSE,-343610,SPTLC3,+,0,-554654,CpG: 194,+
chr20,14378216,-,MACROD2,+,FALSE,59903,FLRT3,-,1,401148,CpG: 35,+
chr20,15684366,+,MACROD2,+,FALSE,-506863,MACROD2,+,2,869470,CpG: 46,+
chr20,23226759,+,FALSE,NA,FALSE,104613,NXT1,+,0,103877,CpG: 129,+
chr20,25664998,-,ZNF337,-,FALSE,-12471,ZNF337,-,1,-11702,CpG: 107,+
chr20,30518453,-,TTLL9,+,FALSE,-21430,PDRG1,-,3,-21070,CpG: 53,+
chr20,32842725,-,FALSE,NA,FALSE,-5445,ASIP,+,3,-13934,CpG: 54,+
chr20,37791696,-,FALSE,NA,FALSE,-61695,LOC339568,-,0,112595,CpG: 59,+
chr20,44965380,-,FALSE,NA,FALSE,-27684,SLC35C2,-,6,23811,CpG: 24,+
chr20,45353605,-,SLC2A10,+,FALSE,15327,SLC2A10,+,4,14942,CpG: 63,+
chr20,46372804,+,SULF2,-,FALSE,42004,SULF2,-,3,40938,CpG: 143,+
chr20,54219162,-,FALSE,NA,FALSE,-361366,CBLN4,-,0,-359441,CpG: 173,+
chr20,58358629,-,PHACTR3,+,FALSE,62365,PHACTR3,+,5,-149126,CpG: 186,+
chr20,59094349,-,FALSE,NA,FALSE,41181,MIR4533,+,1,431389,CpG: 80,+
chr20,60751583,+,SS18L1,+,FALSE,6497,MTG2,+,5,6026,CpG: 91,+
chr21,16201038,+,FALSE,NA,FALSE,-185610,LOC388813,-,0,235458,CpG: 148,+
chr21,22428001,+,NCAM2,+,FALSE,-57369,NCAM2,+,1,-57419,CpG: 92,+
chr21,25116879,-,FALSE,NA,FALSE,359723,D21S2088E,-,0,-1617229,CpG: 28,+
chr21,27265836,-,APP,-,FALSE,157871,ATP5J,-,10,157625,CpG: 112,+
chr21,27769474,-,FALSE,NA,FALSE,-176107,CYYR1,-,0,-175536,CpG: 61,+
chr21,30975789,+,"GRIK1,GRIK1-AS2","-,+",FALSE,-7430,GRIK1-AS2,+,3,-304003,CpG: 119,+
chr21,32902309,+,TIAM1,-,FALSE,28981,TIAM1,-,1,27618,CpG: 249,+
chr21,33490035,+,FALSE,NA,FALSE,-31427,LINC00159,-,1,160873,CpG: 63,+
chr21,33938429,+,FALSE,NA,FALSE,19416,TCP10L,-,3,3218,CpG: 47,+
chr21,35542893,+,FALSE,NA,FALSE,10084,LINC00310,+,3,31430,CpG: 29,+
chr21,39913802,+,ERG,-,FALSE,43067,ERG,-,7,118441,CpG: 140,+
chr21,42296664,-,FALSE,NA,FALSE,77625,DSCAM,-,0,77442,CpG: 66,+
chr21,44734741,+,FALSE,NA,FALSE,112261,SIK1,-,0,-13529,CpG: 20,+
chr22,16253358,-,FALSE,NA,FALSE,-34579,POTEH,-,1,24812,CpG: 28,+
chr22,17150409,-,ANKRD62P1-PARP4P3,-,TRUE,-6021,ANKRD62P1-PARP4P3,-,2,-28110,CpG: 24,+
chr22,17208308,+,FALSE,NA,FALSE,-51878,ANKRD62P1-PARP4P3,-,0,-29503,CpG: 24,+
chr22,22055343,+,YPEL1,-,TRUE,34728,YPEL1,-,6,2736,CpG: 20,+
chr22,22286863,-,PPM1F,-,FALSE,-20387,PPM1F,-,2,-1483,CpG: 16,+
chr22,25339895,+,FALSE,NA,FALSE,-4581,TMEM211,-,5,8256,CpG: 147,+
chr22,26740124,-,SEZ6L,+,FALSE,-85155,ASPHD2,+,6,-84854,CpG: 75,+
chr22,27651743,-,FALSE,NA,FALSE,-545743,MN1,-,0,-182682,CpG: 16,+
chr22,31884722,-,EIF4ENIF1,-,TRUE,-825,EIF4ENIF1,-,8,-418,CpG: 132,+
chr22,33059088,-,SYN3,-,FALSE,-137713,TIMP3,+,3,-138292,CpG: 91,+
chr22,33305788,-,SYN3,-,FALSE,-97018,SYN3,-,4,107521,CpG: 91,+
chr22,33646907,-,FALSE,NA,FALSE,-185748,MIR4764,-,2,192402,CpG: 68,+
chr22,35502723,+,FALSE,NA,FALSE,-40594,ISX,+,1,150638,CpG: 70,+
chr22,39099881,-,FALSE,NA,FALSE,-1925,GTPBP1,+,9,-1944,CpG: 87,+
chr22,40183220,+,ENTHD1,-,FALSE,106574,ENTHD1,-,1,-100830,CpG: 73,+
chr22,40487051,-,TNRC6B,+,FALSE,46231,TNRC6B,+,1,45241,CpG: 91,+
chr22,42013960,-,DESI1,-,FALSE,-3101,DESI1,-,4,-2341,CpG: 126,+
chr22,42665017,-,FALSE,NA,FALSE,-741,LOC388906,+,1,-435,CpG: 176,+
chr22,42961830,-,SERHL2,+,FALSE,11906,SERHL2,+,6,-9970,CpG: 28,+
chr22,44630085,-,FALSE,NA,FALSE,53316,PARVG,+,3,-96639,CpG: 85,+
chr22,47938552,-,FALSE,NA,FALSE,-88766,LINC00898,-,0,-89034,CpG: 19,+
chr22,47973548,+,FALSE,NA,FALSE,53770,LINC00898,-,1,54038,CpG: 19,+
chr3,3366992,-,FALSE,NA,FALSE,145591,CRBN,-,0,145375,CpG: 56,+
chr3,5094668,+,FALSE,NA,FALSE,69261,ARL8B,+,0,-26234,CpG: 35,+
chr3,5195393,-,ARL8B,+,FALSE,31464,ARL8B,+,2,30853,CpG: 83,+
chr3,9463806,-,SETD5,+,FALSE,24404,SETD5,+,4,24046,CpG: 170,+
chr3,15305316,-,"SH3BP5-AS1,SH3BP5","+,-",FALSE,9626,SH3BP5-AS1,+,4,56996,CpG: 103,+
chr3,16058443,-,FALSE,NA,FALSE,143166,MIR563,+,0,138790,CpG: 18,+
chr3,20667578,+,FALSE,NA,FALSE,-439854,SGOL1,-,0,-439622,CpG: 62,+
chr3,21133876,+,FALSE,NA,FALSE,313341,VENTXP7,+,0,-905920,CpG: 62,+
chr3,21137687,+,FALSE,NA,FALSE,309530,VENTXP7,+,0,-909731,CpG: 62,+
chr3,21885849,-,FALSE,NA,FALSE,93033,ZNF385D,-,0,-527643,CpG: 86,+
chr3,22612959,-,FALSE,NA,FALSE,-631824,UBE2E2,+,0,198594,CpG: 86,+
chr3,27150229,+,FALSE,NA,FALSE,260683,NEK10,-,0,260383,CpG: 37,+
chr3,30162708,+,FALSE,NA,FALSE,485285,TGFBR2,+,0,485279,CpG: 98,+
chr3,31819187,-,OSBPL10,-,FALSE,73483,OSBPL10-AS1,+,2,-202782,CpG: 105,+
chr3,35598224,-,FALSE,NA,FALSE,-82441,ARPP21,+,0,-82285,CpG: 92,+
chr3,40040827,-,MYRIP,+,FALSE,189525,MYRIP,+,1,189007,CpG: 93,+
chr3,49902197,-,CAMKV,-,FALSE,-5172,CAMKV,-,6,-4540,CpG: 71,+
chr3,52794110,-,NEK4,-,FALSE,-10855,NEK4,-,7,-10449,CpG: 61,+
chr3,61649541,-,PTPRG,+,FALSE,102299,PTPRG,+,1,98964,CpG: 26,+
chr3,69468653,-,FALSE,NA,FALSE,33223,FRMD4B,-,1,33070,CpG: 62,+
chr3,72262792,+,FALSE,NA,FALSE,-62385,LINC00870,+,1,233061,CpG: 105,+
chr3,72755533,+,FALSE,NA,FALSE,142065,SHQ1,-,1,32539,CpG: 28,+
chr3,77870718,+,FALSE,NA,FALSE,-723556,ROBO2,+,0,-723319,CpG: 20,+
chr3,80015548,+,FALSE,NA,FALSE,-198489,ROBO1,-,0,-199648,CpG: 29,+
chr3,84845177,+,LOC440970,-,FALSE,73549,LOC440970,-,1,163107,CpG: 48,+
chr3,89976231,+,FALSE,NA,FALSE,-819558,EPHA3,+,0,-812124,CpG: 41,+
chr3,98001473,-,FALSE,NA,FALSE,-258,OR5H2,+,2,-239936,CpG: 35,+
chr3,99612199,-,"MIR548G,CMSS1,FILIP1L","-,+",FALSE,17153,FILIP1L,-,5,16984,CpG: 28,+
chr3,100385683,-,GPR128,+,FALSE,-42450,TFG,+,5,-42386,CpG: 72,+
chr3,100618316,-,ABI3BP,-,FALSE,-94018,ABI3BP,-,1,189647,CpG: 72,+
chr3,101375643,+,ZBTB11,-,FALSE,19630,ZBTB11-AS1,+,3,19333,CpG: 117,+
chr3,106247649,-,FALSE,NA,FALSE,659762,CBLB,-,0,659431,CpG: 84,+
chr3,112544865,-,CD200R1L,-,FALSE,-19932,CD200R1L,-,2,-164801,CpG: 59,+
chr3,112555921,+,CD200R1L,-,FALSE,8876,CD200R1L,-,2,153745,CpG: 59,+
chr3,115935231,+,LSAMP,-,FALSE,229154,LSAMP,-,1,-431650,CpG: 70,+
chr3,123097391,-,ADCY5,-,FALSE,-37798,ADCY5,-,2,-68827,CpG: 251,+
chr3,131124827,+,FALSE,NA,FALSE,-24203,NUDT16,+,7,-23676,CpG: 76,+
chr3,138811868,+,FALSE,NA,FALSE,11158,BPESC1,+,2,-47755,CpG: 126,+
chr3,157862035,+,RSRC1,+,FALSE,-34195,RSRC1,+,6,-33838,CpG: 44,+
chr3,158998776,+,"IQCJ-SCHIP1,SCHIP1",+,FALSE,1658,MIR3919,+,9,-478447,CpG: 70,+
chr3,159700760,+,FALSE,NA,FALSE,5862,IL12A,+,1,5730,CpG: 52,+
chr3,163288593,-,FALSE,NA,FALSE,267504,CT64,-,0,-433457,CpG: 20,+
chr3,163480920,+,FALSE,NA,FALSE,-459831,CT64,-,0,241130,CpG: 20,+
chr3,163617250,-,FALSE,NA,FALSE,596161,CT64,-,0,-104800,CpG: 20,+
chr3,164005129,-,FALSE,NA,FALSE,-791154,SI,-,0,282834,CpG: 20,+
chr3,165765851,-,FALSE,NA,FALSE,210598,BCHE,-,0,-1332076,CpG: 23,+
chr3,171891263,+,FNDC3B,+,FALSE,-132920,FNDC3B,+,2,-132539,CpG: 140,+
chr3,174010739,+,FALSE,NA,FALSE,566371,NAALADL2,+,1,84256,CpG: 28,+
chr3,179403571,-,USP13,+,FALSE,32639,USP13,+,1,32022,CpG: 98,+
chr3,179851950,+,FALSE,NA,FALSE,-97109,PEX5L,-,0,-96705,CpG: 79,+
chr3,181136518,+,SOX2-OT,+,FALSE,191603,SOX2-OT,+,3,276496,CpG: 100,+
chr3,182801708,-,MCCC1,-,FALSE,-15657,MCCC1,-,2,-15063,CpG: 60,+
chr3,185028258,-,MAP3K13,+,FALSE,27530,MAP3K13,+,3,27362,CpG: 33,+
chr3,187865955,+,FALSE,NA,FALSE,5707,LPP,+,3,5523,CpG: 67,+
chr3,191578970,-,FALSE,NA,FALSE,400019,PYDC2,+,0,-1958,CpG: 24,+
chr3,191676657,+,FALSE,NA,FALSE,450181,FGF12,-,0,-95357,CpG: 24,+
chr3,192833046,+,FALSE,NA,FALSE,125870,HRASLS,+,0,125663,CpG: 84,+
chr4,897889,-,GAK,-,FALSE,-28285,GAK,-,2,-141,CpG: 38,+
chr4,2158957,-,POLN,-,FALSE,-72001,POLN,-,1,-84294,CpG: 80,+
chr4,2390467,-,ZFYVE28,-,FALSE,23863,ZFYVE28,-,7,-11040,CpG: 18,+
chr4,4352088,-,FALSE,NA,FALSE,-35894,NSG1,+,3,-35505,CpG: 233,+
chr4,5811482,+,EVC,+,FALSE,78833,CRMP1,-,3,77721,CpG: 132,+
chr4,7645898,-,SORCS2,+,FALSE,-109918,AFAP1-AS1,+,1,-1857,CpG: 18,+
chr4,8868878,-,HMX1,-,TRUE,-4665,HMX1,-,1,-166,CpG: 76,+
chr4,10962763,-,FALSE,NA,FALSE,276377,CLNK,-,0,-407466,CpG: 81,+
chr4,14506013,+,FALSE,NA,FALSE,-392422,LOC152742,+,0,358495,CpG: 24,+
chr4,16436573,+,FALSE,NA,FALSE,187081,MIR548AX,-,0,-73807,CpG: 28,+
chr4,17253444,-,FALSE,NA,FALSE,-260413,QDPR,-,0,-259865,CpG: 63,+
chr4,20042764,-,FALSE,NA,FALSE,-212470,SLIT2,+,0,-210512,CpG: 291,+
chr4,20458674,-,SLIT2,+,FALSE,64863,SLIT2-IT1,+,1,201806,CpG: 291,+
chr4,22168861,+,FALSE,NA,FALSE,172428,LOC100505912,-,0,-217996,CpG: 36,+
chr4,35653905,-,FALSE,NA,FALSE,-592074,ARAP2,-,0,-591726,CpG: 85,+
chr4,39104335,+,KLHL5,+,FALSE,-40484,KLHL5,+,4,-57411,CpG: 83,+
chr4,40314766,+,FALSE,NA,FALSE,22579,CHRNA9,+,1,125055,CpG: 118,+
chr4,44044934,+,FALSE,NA,FALSE,405890,KCTD8,-,0,404452,CpG: 166,+
chr4,46916685,-,FALSE,NA,FALSE,5433,COX7B2,-,4,-78443,CpG: 61,+
chr4,54841148,-,FALSE,NA,FALSE,-12301,RPL21P44,-,2,-89093,CpG: 86,+
chr4,57128726,+,KIAA1211,+,FALSE,-92366,KIAA1211,+,1,51499,CpG: 37,+
chr4,71288299,-,FALSE,NA,FALSE,-7909,MUC7,+,5,-265555,CpG: 55,+
chr4,73952102,-,ANKRD17,-,FALSE,16630,COX18,-,3,16452,CpG: 71,+
chr4,79995631,-,LOC100505875,+,FALSE,102730,LOC100505875,+,1,134886,CpG: 62,+
chr4,83531405,-,FALSE,NA,FALSE,-11185,LINC00575,-,5,48314,CpG: 47,+
chr4,85152540,-,FALSE,NA,FALSE,-266847,NKX6-1,-,0,-250224,CpG: 31,+
chr4,85403616,+,FALSE,NA,FALSE,15771,NKX6-1,-,1,214,CpG: 57,+
chr4,87147698,+,MAPK10,-,FALSE,-118892,MAPK10,-,3,367485,CpG: 54,+
chr4,89503117,+,FALSE,NA,FALSE,10456,HERC3,+,2,9911,CpG: 150,+
chr4,99056048,-,STPG2,-,FALSE,-8343,STPG2,-,1,-8554,CpG: 19,+
chr4,104533117,+,TACR3,-,FALSE,107856,TACR3,-,1,107442,CpG: 19,+
chr4,106014075,-,FALSE,NA,FALSE,-52956,TET2,+,0,-53398,CpG: 49,+
chr4,106739930,+,GSTCD,+,FALSE,76666,NPNT,+,2,76485,CpG: 136,+
chr4,110311951,+,FALSE,NA,FALSE,43019,SEC24B,+,3,42513,CpG: 67,+
chr4,111322370,+,FALSE,NA,FALSE,74858,ENPEP,+,0,75307,CpG: 27,+
chr4,111834655,+,FALSE,NA,FALSE,-271376,PITX2,-,0,-273847,CpG: 18,+
chr4,113179260,-,AP1AR,+,FALSE,26366,AP1AR,+,6,25604,CpG: 106,+
chr4,113994147,+,ANK2,+,FALSE,-23363,ANK2,+,4,-366640,CpG: 70,+
chr4,119309442,-,FALSE,NA,FALSE,35520,PRSS12,-,1,34984,CpG: 125,+
chr4,121517684,+,FALSE,NA,FALSE,326329,PRDM5,-,0,325464,CpG: 112,+
chr4,126728973,+,FALSE,NA,FALSE,-300560,MIR2054,+,0,-490043,CpG: 230,+
chr4,133481911,+,FALSE,NA,FALSE,588558,PCDH10,+,0,-582721,CpG: 30,+
chr4,133610398,+,FALSE,NA,FALSE,460071,PCDH10,+,0,458764,CpG: 90,+
chr4,136379867,+,FALSE,NA,FALSE,-1256964,PABPC4L,-,0,-514282,CpG: 21,+
chr4,136564729,+,FALSE,NA,FALSE,-1441826,PABPC4L,-,0,-699144,CpG: 21,+
chr4,137932526,-,FALSE,NA,FALSE,-521103,PCDH18,-,0,198871,CpG: 15,+
chr4,139437698,+,FALSE,NA,FALSE,-206834,LINC00499,+,0,44036,CpG: 21,+
chr4,139598944,-,FALSE,NA,FALSE,-337998,CCRN4L,+,0,115689,CpG: 53,+
chr4,141828579,-,RNF150,-,FALSE,151108,TBC1D9,-,1,150409,CpG: 142,+
chr4,142774159,+,FALSE,NA,FALSE,-216411,IL15,+,0,-215836,CpG: 69,+
chr4,143666306,+,INPP4B,-,FALSE,101298,INPP4B,-,2,100634,CpG: 121,+
chr4,146287087,-,FALSE,NA,FALSE,-115863,SMAD1,+,0,-115783,CpG: 121,+
chr4,148058616,+,FALSE,NA,FALSE,-191582,TTC29,-,0,-191457,CpG: 31,+
chr4,150898521,+,FALSE,NA,FALSE,100904,DCLK2,+,0,100729,CpG: 152,+
chr4,154638653,-,RNF175,-,FALSE,33213,TLR2,+,2,32601,CpG: 95,+
chr4,154866592,-,FALSE,NA,FALSE,156364,SFRP2,-,0,152352,CpG: 52,+
chr4,155922201,-,FALSE,NA,FALSE,-207579,NPY2R,+,0,-206967,CpG: 67,+
chr4,163681152,-,FALSE,NA,FALSE,-406921,NAF1,-,0,-406309,CpG: 71,+
chr4,167521232,+,FALSE,NA,FALSE,634345,SPOCK3,-,0,633773,CpG: 56,+
chr4,172281499,+,FALSE,NA,FALSE,-319747,LOC100506122,+,0,452235,CpG: 117,+
chr4,172481955,+,FALSE,NA,FALSE,252619,GALNTL6,+,0,251779,CpG: 117,+
chr4,174532583,-,FALSE,NA,FALSE,80975,NBLA00301,+,0,72529,CpG: 68,+
chr4,177162109,-,ASB5,-,FALSE,-28264,ASB5,-,2,45216,CpG: 34,+
chr4,178352174,+,AGA,-,TRUE,11483,AGA,-,3,11065,CpG: 52,+
chr4,180262744,+,FALSE,NA,FALSE,-1612834,LOC285501,+,0,716294,CpG: 139,+
chr4,180308876,-,FALSE,NA,FALSE,1658966,LOC285501,+,0,-670162,CpG: 139,+
chr4,182773531,+,FALSE,NA,FALSE,292137,MGC45800,-,0,288747,CpG: 20,+
chr4,185060986,+,ENPP6,-,FALSE,78128,ENPP6,-,1,28701,CpG: 27,+
chr4,187113198,+,CYP4V2,+,FALSE,-525,CYP4V2,+,5,88,CpG: 144,+
chr4,188488049,+,FALSE,NA,FALSE,-61282,LOC339975,-,0,46638,CpG: 28,+
chr4,189535463,-,FALSE,NA,FALSE,158732,LOC401164,+,1,-16922,CpG: 31,+
chr5,1199482,-,FALSE,NA,FALSE,-2227,SLC6A19,+,2,-1961,CpG: 51,+
chr5,2059961,-,FALSE,NA,FALSE,177081,IRX4,-,0,21012,CpG: 45,+
chr5,2696056,-,FALSE,NA,FALSE,-55713,IRX2,-,0,-42897,CpG: 196,+
chr5,7244762,+,FALSE,NA,FALSE,24705,MIR4454,-,1,44971,CpG: 49,+
chr5,10154809,+,FALSE,NA,FALSE,95212,FAM173B,-,0,94951,CpG: 103,+
chr5,10257606,-,CCT5,+,FALSE,7325,CCT5,+,8,6606,CpG: 103,+
chr5,16578890,+,FAM134B,-,FALSE,38277,FAM134B,-,1,37619,CpG: 72,+
chr5,20053121,+,FALSE,NA,FALSE,-64768,CDH18,-,0,252441,CpG: 45,+
chr5,20329427,+,FALSE,NA,FALSE,-341074,CDH18,-,0,-23491,CpG: 45,+
chr5,23100753,+,FALSE,NA,FALSE,-247022,CDH12,-,0,-1640901,CpG: 38,+
chr5,24194415,-,FALSE,NA,FALSE,-450670,CDH10,-,0,-996088,CpG: 68,+
chr5,34732753,-,RAI14,+,FALSE,45090,RAI14,+,6,75423,CpG: 118,+
chr5,35328402,+,FALSE,NA,FALSE,-97579,PRLR,-,0,289453,CpG: 38,+
chr5,42948512,+,FALSE,NA,FALSE,70401,LOC648987,-,0,2564,CpG: 105,+
chr5,43180997,-,FALSE,NA,FALSE,-11172,NIM1,+,3,-10977,CpG: 90,+
chr5,46191432,+,FALSE,NA,FALSE,-495212,HCN1,-,0,-494922,CpG: 98,+
chr5,50451774,+,FALSE,NA,FALSE,227183,ISL1,+,0,-186037,CpG: 53,+
chr5,54846268,+,FALSE,NA,FALSE,-15362,PPAP2A,-,5,-15148,CpG: 115,+
chr5,55201124,+,IL31RA,+,FALSE,-51975,IL31RA,+,8,-83158,CpG: 45,+
chr5,55461624,+,ANKRD55,-,FALSE,67562,ANKRD55,-,1,-170235,CpG: 107,+
chr5,62153671,+,FALSE,NA,FALSE,-279110,"LRRC70,IPO11-LRRC70",+,0,-444615,CpG: 63,+
chr5,64821122,-,CENPK,-,FALSE,-37873,CENPK,-,7,-37653,CpG: 43,+
chr5,65294097,-,ERBB2IP,+,FALSE,52696,LOC100303749,-,6,71681,CpG: 155,+
chr5,70776079,-,BDP1,+,FALSE,24638,BDP1,+,1,24192,CpG: 42,+
chr5,75133865,-,FALSE,NA,FALSE,120552,POC5,-,0,120350,CpG: 41,+
chr5,75484521,-,SV2C,+,FALSE,105217,SV2C,+,1,14348,CpG: 23,+
chr5,77057970,-,TBCA,-,FALSE,-14215,TBCA,-,1,-13675,CpG: 86,+
chr5,79672177,+,FALSE,NA,FALSE,-24392,CRSP8P,-,3,31259,CpG: 91,+
chr5,85263721,-,FALSE,NA,FALSE,-314540,NBPF22P,+,0,-1300395,CpG: 25,+
chr5,86328247,-,FALSE,NA,FALSE,-82524,MIR4280,-,0,-235869,CpG: 25,+
chr5,88368121,-,FALSE,NA,FALSE,168199,MEF2C,-,0,182532,CpG: 27,+
chr5,88509038,+,FALSE,NA,FALSE,-309116,MEF2C,-,0,-323449,CpG: 27,+
chr5,89674741,+,FALSE,NA,FALSE,30862,CETN3,-,1,30602,CpG: 17,+
chr5,90262966,+,GPR98,+,FALSE,-408350,GPR98,+,2,313381,CpG: 36,+
chr5,93604158,-,KIAA0825,-,FALSE,156754,FAM172A,-,1,156722,CpG: 41,+
chr5,93668904,+,KIAA0825,-,FALSE,-221500,FAM172A,-,1,-221468,CpG: 41,+
chr5,95910302,+,FALSE,NA,FALSE,87438,CAST,+,0,87415,CpG: 116,+
chr5,96569873,+,FALSE,NA,FALSE,-50868,RIOK2,-,0,-50228,CpG: 18,+
chr5,99467708,+,FALSE,NA,FALSE,256250,LOC100133050,-,0,403217,CpG: 62,+
chr5,100866790,+,FALSE,NA,FALSE,-627803,ST8SIA4,-,0,-627652,CpG: 30,+
chr5,104791861,-,FALSE,NA,FALSE,356687,RAB9BP1,+,0,2196311,CpG: 127,+
chr5,111325885,-,NREP-AS1,+,FALSE,13257,NREP,-,3,-170522,CpG: 51,+
chr5,114351373,+,FALSE,NA,FALSE,164870,TRIM36,-,0,153537,CpG: 160,+
chr5,114623408,+,CCDC112,-,FALSE,8579,CCDC112,-,3,8578,CpG: 41,+
chr5,117405297,-,FALSE,NA,FALSE,654090,LOC728342,+,0,-903999,CpG: 18,+
chr5,125338871,+,FALSE,NA,FALSE,356916,GRAMD3,+,0,420176,CpG: 30,+
chr5,129400540,-,CHSY3,+,FALSE,160018,CHSY3,+,1,158928,CpG: 207,+
chr5,135695633,-,TRPC7,-,FALSE,-5531,TRPC7,-,3,2591,CpG: 56,+
chr5,137222347,-,MYOT,+,FALSE,-2777,PKD2L2,+,5,-2639,CpG: 51,+
chr5,139631360,-,PFDN1,-,FALSE,-51329,PFDN1,-,2,75903,CpG: 109,+
chr5,141876337,-,FALSE,NA,FALSE,-117389,FGF1,-,0,139357,CpG: 81,+
chr5,144949639,-,FALSE,NA,FALSE,-265228,PRELID2,-,0,-265010,CpG: 47,+
chr5,149898913,+,NDST1,+,FALSE,-11240,NDST1,+,1,8552,CpG: 19,+
chr5,154787243,-,FALSE,NA,FALSE,393984,KIF4B,+,0,-320261,CpG: 138,+
chr5,155026874,+,FALSE,NA,FALSE,-633615,KIF4B,+,0,80630,CpG: 138,+
chr5,157632360,+,FALSE,NA,FALSE,-346177,CLINT1,-,0,-346106,CpG: 54,+
chr5,159271293,-,FALSE,NA,FALSE,-72446,ADRA1B,+,0,70601,CpG: 62,+
chr5,161623410,+,FALSE,NA,FALSE,-128763,GABRG2,+,3,-648026,CpG: 68,+
chr5,165579047,+,FALSE,NA,FALSE,1132795,TENM2,+,0,826437,CpG: 33,+
chr5,165902179,-,FALSE,NA,FALSE,-809663,TENM2,+,0,-503305,CpG: 33,+
chr5,173800013,-,FALSE,NA,FALSE,327407,HMP19,+,0,60479,CpG: 63,+
chr5,175740966,-,SIMC1,+,FALSE,-47843,KIAA1191,-,4,-47355,CpG: 58,+
chr5,176980485,-,FAM193B,-,TRUE,-1063,FAM193B,-,8,-304,CpG: 104,+
chr5,180118629,+,FALSE,NA,FALSE,-42005,FLT4,-,3,-17420,CpG: 56,+
chr6,11484853,+,FALSE,NA,FALSE,53606,TMEM170B,+,0,52684,CpG: 170,+
chr6,16017967,-,FALSE,NA,FALSE,-111349,MYLIP,+,0,-111025,CpG: 113,+
chr6,16597740,-,ATXN1,-,FALSE,-163981,ATXN1,-,2,-162438,CpG: 201,+
chr6,16681415,+,ATXN1,-,FALSE,80306,ATXN1,-,2,78763,CpG: 201,+
chr6,17696451,-,NUP153,-,FALSE,-10614,NUP153,-,3,-9841,CpG: 86,+
chr6,21602693,+,FALSE,NA,FALSE,-8722,SOX4,+,1,-5602,CpG: 27,+
chr6,22321272,+,FALSE,NA,FALSE,-18190,PRL,-,2,248312,CpG: 100,+
chr6,24254963,+,DCDC2,-,FALSE,102167,KAAG1,+,2,102756,CpG: 56,+
chr6,25812672,-,SLC17A1,-,FALSE,-19615,SLC17A1,-,4,-69655,CpG: 24,+
chr6,26190355,+,FALSE,NA,FALSE,-1051,HIST1H4D,-,13,-1060,CpG: 30,+
chr6,26423111,+,BTN2A3P,+,FALSE,-1493,BTN2A3P,+,24,35199,CpG: 18,+
chr6,27283540,+,FALSE,NA,FALSE,-3529,POM121L2,-,4,-2905,CpG: 73,+
chr6,30615512,+,C6orf136,+,TRUE,-697,C6orf136,+,21,131,CpG: 94,+
chr6,30852931,+,DDR1,+,TRUE,-175,DDR1,+,12,-255,CpG: 46,+
chr6,35453667,+,TEAD3,-,FALSE,11194,TEAD3,-,4,109,CpG: 56,+
chr6,35879987,+,SRPK1,-,FALSE,8970,SRPK1,-,5,8492,CpG: 68,+
chr6,36054231,-,MAPK14,+,FALSE,-44029,MAPK13,+,6,-43808,CpG: 54,+
chr6,40167059,+,FALSE,NA,FALSE,156686,FLJ41649,-,0,192711,CpG: 52,+
chr6,41732814,+,FALSE,NA,FALSE,14816,FRS3,-,11,14776,CpG: 31,+
chr6,41946533,-,CCND3,-,FALSE,36981,CCND3,-,5,36822,CpG: 95,+
chr6,46811907,+,FALSE,NA,FALSE,-50814,MEP1A,+,3,-108591,CpG: 66,+
chr6,48112269,+,FALSE,NA,FALSE,-75844,PTCHD4,-,0,-75859,CpG: 24,+
chr6,53270130,+,FALSE,NA,FALSE,-56153,ELOVL5,-,0,-45464,CpG: 68,+
chr6,57108191,+,FALSE,NA,FALSE,-21113,RAB23,-,2,-20880,CpG: 90,+
chr6,66886995,+,FALSE,NA,FALSE,-389224,SLC25A51P1,+,0,-82164,CpG: 21,+
chr6,74696834,-,FALSE,NA,FALSE,291321,CD109,+,0,290813,CpG: 34,+
chr6,75369516,-,FALSE,NA,FALSE,-546107,COL12A1,-,0,-425364,CpG: 28,+
chr6,75507460,+,FALSE,NA,FALSE,408163,COL12A1,-,0,287420,CpG: 28,+
chr6,78766660,-,FALSE,NA,FALSE,593540,HTR1B,-,0,406316,CpG: 36,+
chr6,82080445,-,FALSE,NA,FALSE,-381983,FAM46A,-,0,-380688,CpG: 214,+
chr6,84753229,+,MRAP2,+,FALSE,-9810,MRAP2,+,1,-9281,CpG: 59,+
chr6,84962448,-,FALSE,NA,FALSE,25113,KIAA1009,-,1,24720,CpG: 42,+
chr6,89549491,-,RNGTT,-,FALSE,-123857,RNGTT,-,1,-123393,CpG: 60,+
chr6,95398113,-,FALSE,NA,FALSE,-627259,MANEA,+,0,-627128,CpG: 75,+
chr6,99784938,+,FAXC,-,FALSE,12593,FAXC,-,2,12270,CpG: 82,+
chr6,100676343,-,FALSE,NA,FALSE,234229,MCHR2,-,0,-480,CpG: 27,+
chr6,100900809,+,SIM1,-,FALSE,10742,SIM1,-,1,2682,CpG: 24,+
chr6,101739891,-,FALSE,NA,FALSE,-106969,GRIK2,+,0,-101534,CpG: 37,+
chr6,101753165,+,FALSE,NA,FALSE,93695,GRIK2,+,0,88260,CpG: 37,+
chr6,104346310,-,FALSE,NA,FALSE,-961484,HACE1,-,0,-960809,CpG: 88,+
chr6,106514728,+,FALSE,NA,FALSE,19466,PRDM1,+,2,19408,CpG: 24,+
chr6,107069300,+,RTN4IP1,-,TRUE,8073,RTN4IP1,-,2,-108315,CpG: 114,+
chr6,110697169,-,FALSE,NA,FALSE,17694,METTL24,-,4,17336,CpG: 45,+
chr6,111181367,+,FALSE,NA,FALSE,14619,AMD1,+,3,14016,CpG: 178,+
chr6,112510203,+,LAMA4,-,FALSE,65714,LAMA4,-,3,64888,CpG: 36,+
chr6,113393810,-,FALSE,NA,FALSE,725279,RFPL4B,+,0,705080,CpG: 63,+
chr6,116577017,+,FALSE,NA,FALSE,-1756,TSPYL4,-,4,-1650,CpG: 41,+
chr6,117788178,-,FALSE,NA,FALSE,-15641,DCBLD1,+,2,-15319,CpG: 112,+
chr6,118803413,+,CEP85L,-,FALSE,19122,BRD7P3,+,4,168249,CpG: 153,+
chr6,118808428,+,CEP85L,-,FALSE,14107,BRD7P3,+,4,163234,CpG: 153,+
chr6,123830385,+,TRDN,-,FALSE,127853,TRDN,-,5,293792,CpG: 117,+
chr6,126999319,-,FALSE,NA,FALSE,338067,CENPW,+,0,34331,CpG: 37,+
chr6,128311387,+,PTPRK,-,FALSE,-71611,THEMIS,-,2,-473681,CpG: 99,+
chr6,129831983,+,LAMA2,+,FALSE,199387,ARHGAP18,-,2,508573,CpG: 131,+
chr6,130475035,-,SAMD3,-,FALSE,-61995,SAMD3,-,5,132585,CpG: 131,+
chr6,132418233,-,FALSE,NA,FALSE,-36884,LOC100507254,+,1,145667,CpG: 88,+
chr6,132892036,+,TAAR6,+,TRUE,-576,TAAR6,+,7,-57687,CpG: 56,+
chr6,135310706,+,HBS1L,-,FALSE,-10136,MIR3662,-,7,65043,CpG: 35,+
chr6,138606438,+,KIAA1244,+,FALSE,-66811,PBOV1,-,1,6551,CpG: 26,+
chr6,139336651,-,FALSE,NA,FALSE,-13167,ABRACL,+,3,-13304,CpG: 94,+
chr6,140276905,-,FALSE,NA,FALSE,184696,LOC100132735,+,0,580327,CpG: 148,+
chr6,140549908,-,FALSE,NA,FALSE,23520,MIR3668,+,1,853330,CpG: 148,+
chr6,149974052,+,FALSE,NA,FALSE,-4112,KATNA1,-,5,-4080,CpG: 48,+
chr6,152292196,+,ESR1,+,FALSE,-163383,ESR1,+,4,-162425,CpG: 89,+
chr6,152415445,-,ESR1,+,FALSE,286632,ESR1,+,6,-207834,CpG: 26,+
chr6,159011253,+,TMEM181,+,FALSE,-53786,TMEM181,+,2,-29423,CpG: 104,+
chr6,164853187,-,FALSE,NA,FALSE,-869924,C6orf118,-,0,94807,CpG: 28,+
chr6,167471830,+,FALSE,NA,FALSE,53464,CCR6,+,2,35604,CpG: 21,+
chr7,3214833,+,FALSE,NA,FALSE,126246,SDK1,+,0,125521,CpG: 97,+
chr7,9008001,+,FALSE,NA,FALSE,-534417,NXPH1,+,0,-524290,CpG: 39,+
chr7,16749043,+,FALSE,NA,FALSE,44307,TSPAN13,+,4,44145,CpG: 82,+
chr7,17710970,+,FALSE,NA,FALSE,269161,SNX13,-,0,268804,CpG: 82,+
chr7,23906402,-,FALSE,NA,FALSE,156458,STK31,+,5,185725,CpG: 28,+
chr7,25397795,+,FALSE,NA,FALSE,-129690,NPVF,-,0,-177833,CpG: 47,+
chr7,30089605,+,PLEKHA8,+,FALSE,-21629,PLEKHA8,+,6,-21005,CpG: 94,+
chr7,30155089,-,PLEKHA8,+,FALSE,-19462,C7orf41,+,4,-19141,CpG: 162,+
chr7,31911685,-,PDE1C,-,FALSE,185055,PPP1R17,+,5,-198378,CpG: 84,+
chr7,36674013,-,AOAH,-,FALSE,34287,AOAH-IT1,-,4,244207,CpG: 59,+
chr7,37483232,-,ELMO1,-,FALSE,-5323,ELMO1,-,2,-4122,CpG: 135,+
chr7,43835519,-,BLVRA,+,FALSE,37248,BLVRA,+,2,36717,CpG: 90,+
chr7,45349286,+,FALSE,NA,FALSE,-151920,RAMP3,+,0,-151479,CpG: 59,+
chr7,45441742,+,FALSE,NA,FALSE,172382,ADCY1,+,0,171644,CpG: 151,+
chr7,50720273,-,GRB10,-,FALSE,-52725,GRB10,-,4,-129479,CpG: 118,+
chr7,51887963,+,FALSE,NA,FALSE,-503448,COBL,-,0,-431129,CpG: 23,+
chr7,53497149,-,FALSE,NA,FALSE,-382475,FLJ45974,-,0,209957,CpG: 32,+
chr7,57366288,+,FALSE,NA,FALSE,106442,MIR3147,+,0,-41413,CpG: 40,+
chr7,63341470,-,FALSE,NA,FALSE,-149010,LOC100506050,-,0,-19656,CpG: 30,+
chr7,64447372,-,ZNF117,-,FALSE,-4042,ZNF117,-,2,39073,CpG: 62,+
chr7,64731548,+,FALSE,NA,FALSE,107219,ZNF92,+,0,2940,CpG: 18,+
chr7,69246395,+,AUTS2,+,FALSE,-182490,AUTS2,+,3,-181358,CpG: 191,+
chr7,70873490,-,WBSCR17,+,FALSE,100734,MIR3914-1,-,1,275108,CpG: 232,+
chr7,78021402,-,MAGI2,-,FALSE,27359,MIR548AU,-,3,351345,CpG: 29,+
chr7,81457322,+,FALSE,NA,FALSE,-57870,HGF,-,0,-216614,CpG: 25,+
chr7,85356863,-,FALSE,NA,FALSE,605616,SEMA3D,-,0,540621,CpG: 94,+
chr7,93715723,-,FALSE,NA,FALSE,82033,BET1,-,0,81813,CpG: 41,+
chr7,95003104,+,PON3,-,FALSE,22583,PON3,-,4,22455,CpG: 58,+
chr7,96389366,-,FALSE,NA,FALSE,50163,SHFM1,-,0,50089,CpG: 38,+
chr7,100001512,-,ZCWPW1,-,FALSE,-24900,MEPCE,+,13,-24292,CpG: 199,+
chr7,105539594,-,FALSE,NA,FALSE,22563,ATXN7L1,-,2,21631,CpG: 88,+
chr7,109064525,-,FALSE,NA,FALSE,-535745,EIF3IP1,-,0,853619,CpG: 99,+
chr7,110871112,-,IMMP2L,-,FALSE,140051,LRRN3,+,2,-330967,CpG: 65,+
chr7,110934527,-,IMMP2L,-,FALSE,203466,LRRN3,+,2,-267552,CpG: 65,+
chr7,111722133,-,DOCK4,-,FALSE,-124329,DOCK4,-,1,-123727,CpG: 106,+
chr7,111891855,-,ZNF277,+,FALSE,45213,ZNF277,+,2,44968,CpG: 106,+
chr7,114305140,-,FOXP2,+,FALSE,11741,MIR3666,+,9,-257030,CpG: 96,+
chr7,120333043,-,KCND2,+,FALSE,-165134,TSPAN12,-,1,-164077,CpG: 98,+
chr7,122012478,+,CADPS2,-,FALSE,-67913,FEZF1,-,3,-55137,CpG: 67,+
chr7,126188466,-,GRM8,-,FALSE,-509772,MIR592,-,3,-702834,CpG: 234,+
chr7,129246121,+,FALSE,NA,FALSE,5433,NRF1,+,2,5116,CpG: 115,+
chr7,144001141,-,FALSE,NA,FALSE,4528,OR2A9P,+,8,9452,CpG: 51,+
chr7,144389378,-,TPK1,-,FALSE,-143768,TPK1,-,2,-143384,CpG: 48,+
chr7,144778435,-,FALSE,NA,FALSE,245289,TPK1,-,0,245182,CpG: 48,+
chr7,145777330,-,FALSE,NA,FALSE,-36122,CNTNAP2,+,1,-35700,CpG: 84,+
chr7,154244491,+,DPP6,+,FALSE,-242145,DPP6,+,3,-242210,CpG: 32,+
chr7,157764181,-,PTPRN2,-,FALSE,116905,LOC100506585,+,3,60896,CpG: 42,+
chr8,2970187,+,CSMD1,-,FALSE,-977030,MYOM2,+,1,-90239,CpG: 20,+
chr8,5072495,-,FALSE,NA,FALSE,220167,CSMD1,-,0,91549,CpG: 80,+
chr8,12159303,-,FALSE,NA,FALSE,-16522,"DEFB130,LOC100133267",-,2,-60208,CpG: 42,+
chr8,12742563,+,FALSE,NA,FALSE,60619,KIAA1456,+,0,66235,CpG: 105,+
chr8,13869204,+,FALSE,NA,FALSE,-444853,C8orf48,+,0,-734892,CpG: 54,+
chr8,15162922,+,FALSE,NA,FALSE,-67130,SGCZ,-,0,-67754,CpG: 94,+
chr8,21524517,+,FALSE,NA,FALSE,121829,GFRA2,-,3,83561,CpG: 24,+
chr8,24949561,+,FALSE,NA,FALSE,92725,DOCK5,+,0,-91134,CpG: 61,+
chr8,36585555,+,FALSE,NA,FALSE,56286,KCNU1,+,0,966389,CpG: 327,+
chr8,42928672,+,FNTA,+,FALSE,-17231,FNTA,+,5,-16630,CpG: 92,+
chr8,43723861,-,FALSE,NA,FALSE,576277,POTEA,+,0,591383,CpG: 50,+
chr8,48840958,-,PRKDC,-,FALSE,-31785,PRKDC,-,4,-31500,CpG: 149,+
chr8,50787870,+,FALSE,NA,FALSE,36726,SNTG1,+,1,34400,CpG: 49,+
chr8,58320036,+,FALSE,NA,FALSE,-127935,LINC00588,+,0,-127152,CpG: 32,+
chr8,59746594,+,TOX,-,FALSE,-174190,NSMAF,-,1,-174068,CpG: 92,+
chr8,62689591,-,FALSE,NA,FALSE,62245,MIR4470,+,0,62080,CpG: 114,+
chr8,68735353,-,FALSE,NA,FALSE,76733,CPA6,-,0,-129231,CpG: 48,+
chr8,68971020,+,PREX2,+,FALSE,-106418,PREX2,+,2,-106074,CpG: 48,+
chr8,75472132,-,FALSE,NA,FALSE,11288,MIR5681B,-,3,209088,CpG: 48,+
chr8,76146936,+,FALSE,NA,FALSE,-250229,CRISPLD1,+,0,172514,CpG: 69,+
chr8,81846888,+,FALSE,NA,FALSE,-59872,ZNF704,-,1,-40561,CpG: 31,+
chr8,84851067,-,FALSE,NA,FALSE,-244385,RALYL,+,0,-245692,CpG: 49,+
chr8,89322366,+,MMP16,-,FALSE,17351,MMP16,-,1,17599,CpG: 37,+
chr8,92625196,-,FALSE,NA,FALSE,363681,SLC26A7,+,0,-488860,CpG: 178,+
chr8,92914275,+,FALSE,NA,FALSE,115633,RUNX1T1,-,0,199781,CpG: 178,+
chr8,93436354,-,FALSE,NA,FALSE,320900,RUNX1T1,-,0,279714,CpG: 22,+
chr8,99130788,-,POP1,+,FALSE,721,POP1,+,6,933,CpG: 37,+
chr8,109282890,-,FALSE,NA,FALSE,21931,EIF3E,-,1,21763,CpG: 43,+
chr8,111540119,-,FALSE,NA,FALSE,553160,KCNV1,-,0,552047,CpG: 18,+
chr8,119077305,-,EXT1,-,FALSE,-46753,EXT1,-,1,-46669,CpG: 61,+
chr8,120002035,+,FALSE,NA,FALSE,-37652,TNFRSF11B,-,1,-37398,CpG: 18,+
chr8,124405535,-,ATAD2,-,FALSE,-3170,ATAD2,-,2,-2557,CpG: 101,+
chr8,126723103,-,FALSE,NA,FALSE,-240338,LINC00861,-,0,278663,CpG: 17,+
chr8,127041901,+,FALSE,NA,FALSE,-78460,LINC00861,-,0,526775,CpG: 199,+
chr8,127050166,+,FALSE,NA,FALSE,-86725,LINC00861,-,0,518510,CpG: 199,+
chr8,135747870,+,FALSE,NA,FALSE,-22578,ZFAT,-,5,-22318,CpG: 87,+
chr8,145670285,+,FALSE,NA,FALSE,-473,TONSL,-,12,175,CpG: 120,+
chr9,4382397,+,FALSE,NA,FALSE,-82362,GLIS3,-,0,-82215,CpG: 215,+
chr9,5830840,-,ERMP1,-,TRUE,-2241,ERMP1,-,1,-1739,CpG: 80,+
chr9,6643080,+,GLDC,-,FALSE,2612,GLDC,-,1,2000,CpG: 81,+
chr9,9923691,-,PTPRD,-,FALSE,-689032,PTPRD,-,1,-688944,CpG: 59,+
chr9,17226147,+,CNTLN,+,FALSE,-91110,CNTLN,+,2,-90441,CpG: 89,+
chr9,20483780,-,MLLT3,-,FALSE,-18560,MIR4474,-,2,-136948,CpG: 107,+
chr9,25288070,-,FALSE,NA,FALSE,-390786,TUSC1,-,0,-389424,CpG: 120,+
chr9,29116866,-,LINGO2,-,FALSE,-96132,LINGO2,-,1,-95305,CpG: 74,+
chr9,29957102,-,FALSE,NA,FALSE,-451350,LOC401497,-,0,130366,CpG: 20,+
chr9,32418381,+,ACO1,+,TRUE,-33781,ACO1,+,3,-33470,CpG: 53,+
chr9,34178466,+,FALSE,NA,FALSE,536,UBAP1,+,6,485,CpG: 43,+
chr9,34535328,+,FALSE,NA,FALSE,-12291,ENHO,-,6,-11971,CpG: 69,+
chr9,35183945,+,UNC13B,+,FALSE,-21957,UNC13B,+,1,-21536,CpG: 63,+
chr9,35900058,+,FALSE,NA,FALSE,6130,HRCT1,+,6,-53420,CpG: 34,+
chr9,37027681,+,PAX5,-,FALSE,6795,PAX5,-,1,333,CpG: 159,+
chr9,41053801,-,FALSE,NA,FALSE,261689,ZNF658,-,0,-29013,CpG: 20,+
chr9,43088344,+,FALSE,NA,FALSE,45166,ANKRD20A3,-,2,44772,CpG: 130,+
chr9,67533386,-,FALSE,NA,FALSE,243894,AQP7P1,-,0,-131484,CpG: 26,+
chr9,70378167,-,FALSE,NA,FALSE,-51564,"FOXD4L2,FOXD4L4",-,2,-24250,CpG: 152,+
chr9,79382338,-,"PRUNE2,PCA3","-,+",FALSE,2985,PCA3,+,2,-138465,CpG: 75,+
chr9,79516754,+,PRUNE2,-,FALSE,4249,PRUNE2,-,1,4049,CpG: 75,+
chr9,86171966,-,FALSE,NA,FALSE,18618,FRMD3,-,2,18189,CpG: 139,+
chr9,86937013,+,SLC28A3,-,FALSE,18681,SLC28A3,-,3,-181313,CpG: 30,+
chr9,91572553,-,FALSE,NA,FALSE,-33224,C9orf47,+,4,-33211,CpG: 30,+
chr9,92164926,-,FALSE,NA,FALSE,-55000,GADD45G,+,0,-53907,CpG: 41,+
chr9,95645134,-,FALSE,NA,FALSE,4814,ZNF484,-,6,-30411,CpG: 16,+
chr9,97979441,-,FANCC,-,FALSE,-100095,FANCC,-,3,-75235,CpG: 25,+
chr9,98795520,-,FALSE,NA,FALSE,11483,LINC00092,-,2,5215,CpG: 53,+
chr9,101527457,-,ANKS6,-,FALSE,-31337,ANKS6,-,2,-30872,CpG: 73,+
chr9,106456603,+,FALSE,NA,FALSE,399937,SMC2,+,0,305027,CpG: 38,+
chr9,107559551,-,ABCA1,-,FALSE,22919,LOC286367,+,4,32772,CpG: 61,+
chr9,108654695,+,FALSE,NA,FALSE,-197890,TMEM38B,+,0,-197210,CpG: 89,+
chr9,109398096,+,FALSE,NA,FALSE,227281,ZNF462,+,0,224328,CpG: 55,+
chr9,111110284,-,FALSE,NA,FALSE,-507991,ACTL7B,-,0,-507036,CpG: 67,+
chr9,116238779,-,RGS3,+,FALSE,12800,RGS3,+,6,12646,CpG: 43,+
chr9,117525901,-,FALSE,NA,FALSE,-28909,TNFSF15,-,2,151825,CpG: 72,+
chr9,118206572,+,FALSE,NA,FALSE,-302476,Dec-01,+,1,709790,CpG: 86,+
chr9,118470274,-,FALSE,NA,FALSE,-217103,LINC00474,-,0,-446088,CpG: 86,+
chr9,122376194,-,FALSE,NA,FALSE,244455,DBC1,-,0,243980,CpG: 104,+
chr9,124286894,-,FALSE,NA,FALSE,24588,GGTA1P,-,3,24307,CpG: 80,+
chr9,124694926,-,TTLL11,-,FALSE,-160959,TTLL11,-,1,35735,CpG: 21,+
chr9,125494569,+,FALSE,NA,FALSE,-8301,OR1L4,+,2,95846,CpG: 42,+
chr9,127439612,+,"NR6A1,MIR181A2HG","-,+",FALSE,15108,MIR181A2,+,5,92428,CpG: 136,+
chr9,131419823,-,FALSE,NA,FALSE,694,WDR34,-,9,376,CpG: 84,+
chr9,134334724,+,PRRC2B,+,TRUE,26327,"SNORD62A,SNORD62B",+,10,15984,CpG: 66,+
chr9,134524271,+,RAPGEF1,-,FALSE,60958,RAPGEF1,-,2,-93780,CpG: 77,+
chr9,134818865,-,MED27,-,FALSE,-136409,MED27,-,2,101271,CpG: 24,+
chr9,136020864,+,RALGDS,-,FALSE,3743,RALGDS,-,6,-730,CpG: 41,+
chr9,139501915,+,FALSE,NA,FALSE,51392,EGFL7,+,0,24985,CpG: 49,+
chr9,140583535,+,EHMT1,+,FALSE,-70092,EHMT1,+,2,4476,CpG: 67,+
chrX,3069069,+,FALSE,NA,FALSE,-84230,ARSF,+,3,159299,CpG: 20,+
chrX,6153915,+,FALSE,NA,FALSE,-7209,NLGN4X,-,2,-8009,CpG: 138,+
chrX,14584803,-,GLRA2,+,FALSE,37384,GLRA2,+,4,-306188,CpG: 76,+
chrX,20493024,-,FALSE,NA,FALSE,208274,RPS6KA3,-,0,206213,CpG: 204,+
chrX,20824399,+,FALSE,NA,FALSE,-539649,RPS6KA3,-,0,-537588,CpG: 204,+
chrX,24769511,-,POLA1,+,FALSE,6954,SCARNA23,+,2,57227,CpG: 62,+
chrX,31622504,-,DMD,-,FALSE,96089,DMD,-,12,337485,CpG: 51,+
chrX,32489344,+,DMD,-,FALSE,-58973,DMD,-,5,-1204325,CpG: 51,+
chrX,35020278,+,FALSE,NA,FALSE,-59366,FAM47B,+,0,-58573,CpG: 23,+
chrX,35478637,-,FALSE,NA,FALSE,-337821,MAGEB16,+,0,-165233,CpG: 37,+
chrX,40896215,-,FALSE,NA,FALSE,-48672,USP9X,+,2,-47458,CpG: 186,+
chrX,47303419,+,FALSE,NA,FALSE,38926,ZNF41,-,3,38468,CpG: 80,+
chrX,47703731,-,ZNF81,+,FALSE,7431,ZNF81,+,1,7367,CpG: 26,+
chrX,50681552,-,FALSE,NA,FALSE,27818,BMP15,+,1,124373,CpG: 67,+
chrX,56111963,-,FALSE,NA,FALSE,-146858,KLF8,+,0,-146988,CpG: 17,+
chrX,63684755,-,FALSE,NA,FALSE,69422,MTMR8,-,0,69332,CpG: 34,+
chrX,67408926,+,OPHN1,-,FALSE,244373,OPHN1,-,1,-56003,CpG: 27,+
chrX,69379559,-,IGBP1,+,FALSE,-17776,DGAT2L6,+,2,25655,CpG: 62,+
chrX,71021240,-,FALSE,NA,FALSE,38101,"CXorf49,CXorf49B",+,2,36010,CpG: 15,+
chrX,72237156,+,FALSE,NA,FALSE,-13805,PABPC1L2B,+,1,-13076,CpG: 35,+
chrX,79303608,-,FALSE,NA,FALSE,25867,TBX22,+,3,-287112,CpG: 27,+
chrX,81571427,-,FALSE,NA,FALSE,1113986,HMGN5,-,0,-1192144,CpG: 63,+
chrX,91250194,+,PCDH11X,+,FALSE,-159735,PCDH11X,+,6,-212925,CpG: 53,+
chrX,92159962,+,FALSE,NA,FALSE,768720,NAP1L3,-,0,768584,CpG: 20,+
chrX,93594471,+,FALSE,NA,FALSE,-665460,FAM133A,+,0,-665685,CpG: 20,+
chrX,94451795,-,FALSE,NA,FALSE,-1141106,LOC643486,-,0,-1487835,CpG: 68,+
chrX,95586564,+,FALSE,NA,FALSE,6337,LOC643486,-,1,353066,CpG: 68,+
chrX,101069052,-,FALSE,NA,FALSE,-43497,NXF5,-,2,-117473,CpG: 61,+
chrX,102202613,-,FALSE,NA,FALSE,10414,RAB40AL,+,1,10047,CpG: 28,+
chrX,107752631,+,COL4A5,+,FALSE,-69558,COL4A5,+,2,223228,CpG: 31,+
chrX,108012611,-,FALSE,NA,FALSE,33004,IRS4,-,1,32466,CpG: 160,+
chrX,108744316,+,FALSE,NA,FALSE,-19031,GUCY2F,-,4,35738,CpG: 30,+
chrX,119613325,-,FALSE,NA,FALSE,10121,LAMP2,-,5,-81618,CpG: 33,+
chrX,130394572,+,FALSE,NA,FALSE,28463,IGSF1,-,5,-177670,CpG: 63,+
chrX,135173297,-,FALSE,NA,FALSE,-55563,FHL1,+,3,-7120,CpG: 32,+
chrX,138498718,+,FALSE,NA,FALSE,30259,SRD5A1P1,+,1,30367,CpG: 26,+
chrX,143039463,+,FALSE,NA,FALSE,-72291,UBE2NL,+,0,-316505,CpG: 135,+
chrX,143178748,+,FALSE,NA,FALSE,-211576,UBE2NL,+,0,-455790,CpG: 135,+
chrX,144680354,-,FALSE,NA,FALSE,-218992,SLITRK2,+,0,-32067,CpG: 63,+
chrX,150931655,-,FALSE,NA,FALSE,28438,CNGA2,+,2,67577,CpG: 83,+
chrY,283210,-,PPP2R3B,-,FALSE,-14480,PPP2R3B,-,1,-593,CpG: 112,+
chrY,1433288,+,IL3RA,+,FALSE,27751,SLC25A6,-,8,-11931,CpG: 27,+
chrY,2498419,-,CD99P1,+,FALSE,21114,CD99P1,+,2,20722,CpG: 70,+
chrY,2967112,+,LINC00278,+,FALSE,-96076,LINC00278,+,1,-162829,CpG: 145,+
chrY,13278551,+,FALSE,NA,FALSE,1254838,GYG2P1,-,0,-14815,CpG: 30,+
chrY,16340240,+,FALSE,NA,FALSE,-172139,VCY1B,+,0,295499,CpG: 22,+
chrY,16690918,+,NLGN4Y,+,FALSE,42982,NLGN4Y,+,5,-53927,CpG: 57,+
chrY,17366273,+,FALSE,NA,FALSE,-450360,NLGN4Y-AS1,-,0,201306,CpG: 99,+
chrY,18175841,-,FALSE,NA,FALSE,1259928,NLGN4Y-AS1,-,0,607224,CpG: 99,+
chrY,18324963,-,FALSE,NA,FALSE,-1287874,"FAM41AY1,FAM41AY2",+,0,756346,CpG: 99,+
chrY,18636985,+,FALSE,NA,FALSE,975852,"FAM41AY1,FAM41AY2",+,0,993232,CpG: 21,+
chrY,20627133,+,FALSE,NA,FALSE,-60201,"FAM41AY1,FAM41AY2",-,0,-77573,CpG: 21,+
chrY,24538459,+,RBMY1F,+,FALSE,11163,RBMY1J,+,4,10939,CpG: 30,+
chrY,27410220,+,FALSE,NA,FALSE,-79300,"TTTY17A,TTTY17B,TTTY17C",-,0,199895,CpG: 76,+